#{"t_start": 1701670228.073719, "env_id": "PickAndPlaceHighLevel-v0"}
r,l,t
-66.427044,100,5.446142
-68.517003,100,8.512011
-70.376876,100,11.702655
-67.608368,100,15.030109
-55.855128,100,18.206798
-0.216784,1,18.24942
-58.848986,100,28.446374
-52.556193,100,31.605774
-91.003983,100,34.746881
-62.503511,100,37.835175
-52.796367,100,41.054112
-45.399998,100,51.180969
-45.77692,100,54.297341
-43.842221,100,57.513157
-59.754147,100,60.597671
-26.589457,100,63.813614
-28.003566,100,74.075564
-48.394956,100,77.210999
-45.355917,100,80.479475
-28.375488,100,83.853482
-40.152734,100,87.239109
-26.27558,100,97.816033
-30.908598,100,101.130893
-29.592374,100,104.547751
-45.274941,100,107.641576
-26.748784,100,110.576444
-31.480937,100,120.608902
-16.678461,75,122.721198
-22.532067,100,125.534925
-26.473343,100,128.284551
-26.980261,100,131.053454
-28.690133,100,141.255814
-25.42121,100,143.920201
-34.662208,100,146.80472
-27.811739,100,149.76227
-32.417989,100,152.712524
-53.671874,100,155.558199
-55.302466,100,165.903918
-27.752466,100,168.796546
-31.496054,100,172.167974
-23.058825,100,175.102695
-31.882469,100,177.80167
-0.244684,1,177.83197
-59.76258,100,187.518919
-36.196887,100,190.133157
-21.707813,100,192.932745
-26.406378,100,195.743458
-34.335471,100,198.49357
-27.284191,100,209.005699
-30.110807,100,211.904663
-28.456204,100,214.901047
-29.172265,100,217.674046
-0.203297,1,217.703675
-24.834323,100,220.615968
-52.460856,100,230.752886
-27.269347,100,233.4366
-40.373981,100,236.136756
-23.378262,100,239.335868
-39.695107,100,242.322946
-30.894987,100,253.518387
-28.864826,100,256.501918
-30.761737,100,259.292734
-26.9385,100,262.240181
18.707501,11,262.521973
-30.889722,100,265.168419
-37.684957,100,274.950167
-31.822233,100,278.69723
-28.904651,100,281.266504
-24.267115,100,283.897037
-36.598935,100,286.449641
-31.114015,100,296.641896
-43.373731,100,299.641394
-27.483771,100,302.675559
-28.049107,100,305.370824
-24.455402,100,307.909194
-31.178657,100,317.529729
-24.003906,100,320.121154
-56.238269,100,322.648963
-29.661557,100,325.185363
-71.008234,100,327.749437
-31.249683,100,337.309443
-36.806689,100,339.810565
-15.472525,100,342.383128
-47.821154,100,345.28799
-72.550003,100,348.349044
-27.956536,100,351.128466
-55.001892,100,361.111719
-29.58893,100,363.924377
-35.380878,100,366.486338
-0.197068,1,366.514606
-26.293804,100,369.082517
-25.013934,100,371.958364
-33.320862,100,382.085873
-25.232482,100,384.922903
-23.235915,100,387.760248
-24.6487,100,390.474439
-28.15812,100,393.234992
-27.360269,100,403.328213
-31.326582,100,406.196506
-0.169576,1,406.223275
-28.945368,100,409.3082
-0.169772,1,409.33961
-26.606545,100,412.189133
-30.449295,100,415.093927
-28.134036,100,425.0183
-27.509589,100,427.761987
-0.239139,1,427.792066
-25.712909,100,430.54375
-35.402815,100,433.366954
-21.605501,100,436.22704
-20.573086,100,446.370067
-20.659989,100,449.031214
-41.585279,100,451.940792
-13.114203,100,454.686961
-54.174787,100,457.544803
-29.090368,100,467.265518
-25.518461,100,469.960998
-22.939162,100,472.811736
-21.31101,100,475.662294
-20.486814,100,478.554343
-25.670605,100,488.541854
-33.651127,100,491.26147
-42.606507,100,493.902166
-25.14924,100,496.794248
-25.338375,100,499.358139
-38.840147,100,509.41599
-13.577184,73,511.385201
-20.992028,100,514.063386
-40.962421,100,516.930865
-22.598381,100,519.647384
-31.007516,100,522.348992
-21.796549,82,531.526027
-22.434549,100,534.322312
-21.487348,100,538.393198
-25.736974,100,541.350815
-21.404193,100,544.030865
-16.598848,100,553.744512
-0.145386,1,553.770652
-20.673793,100,556.260742
-38.560004,100,558.823175
-27.156354,100,561.328053
-18.188916,100,564.202383
-25.386036,100,574.149435
-19.488546,100,577.028757
-28.267626,100,579.783384
-22.96321,100,582.542159
-18.111287,100,585.41184
-22.382327,100,595.181867
-52.638613,100,597.809854
-24.028543,100,600.262178
-43.458353,100,602.730029
-28.893108,100,605.269797
-26.465802,100,614.885058
-32.912441,100,617.660828
-20.796318,100,620.340511
-21.183135,100,623.068472
-20.322049,100,625.736521
-22.745483,100,635.860315
-22.210347,100,638.763508
-21.655619,100,641.267845
-17.226338,100,643.752966
-25.004724,100,646.239617
-16.943973,100,648.728018
-20.136369,100,658.060146
-24.152797,100,660.53579
-17.690784,100,663.0391
-18.298192,100,665.554552
-21.656756,100,668.06709
-19.606107,100,677.388305
-24.46327,100,679.863765
-18.868038,100,682.310207
-20.461938,100,684.769375
-17.841126,63,686.365145
-19.181814,100,695.89264
-26.970504,100,698.649244
-22.375084,100,701.359112
-34.997329,100,703.913998
-17.992078,100,706.3829
-0.52019,6,706.526198
-20.994991,100,715.686273
-23.488924,100,718.161534
-19.748846,100,720.652904
-19.312007,100,723.194072
-23.659354,100,725.650791
-18.143914,100,734.947467
-19.701594,100,737.40799
-8.197197,100,740.071272
-17.320708,100,742.931925
-9.412258,56,744.463798
-23.911658,100,747.285786
-18.830262,100,757.471258
-17.232586,100,760.254262
-22.950015,100,763.107286
-22.111629,100,765.63437
-21.057858,100,768.396302
-21.835872,100,777.925182
-7.73127,100,780.422994
-20.272184,100,782.943185
-56.743173,100,786.470725
-23.392653,100,789.151466
-0.208669,1,789.178172
-9.668355,56,790.892396
-18.125299,100,800.369208
-25.388047,100,802.891828
-14.197731,66,804.538911
-19.45049,100,807.076485
-19.842241,100,809.614472
-17.682739,100,819.436362
-19.138441,100,822.136274
-20.150572,100,824.737083
-28.512103,100,827.680355
-24.541622,100,830.31537
-21.711841,100,839.848414
-18.206299,100,842.377956
-18.498789,100,844.977912
-20.800244,100,847.854118
-19.792053,100,850.654642
-24.014387,100,860.575768
-17.857573,100,863.234142
-25.652259,100,865.715533
-19.374077,100,868.230429
-17.979275,100,870.891518
-26.02532,100,880.473402
-18.655817,100,883.258541
-22.279003,100,885.904777
-29.041087,100,888.526518
-20.923601,100,890.997139
-0.198785,1,891.023369
-4.34966,100,893.503603
-17.55525,100,903.694245
-21.993604,100,906.300705
-33.879028,100,908.997926
-19.277802,100,911.928596
-19.643618,100,914.516887
-21.572013,100,924.355925
-22.291078,100,927.253
-27.731699,100,929.857271
-24.842396,100,932.725472
-22.719673,100,935.242944
-41.72618,100,944.78616
-20.308389,100,947.331913
-18.488135,100,949.997467
-28.79657,100,952.788266
-20.735502,100,955.430757
-21.12658,100,964.680778
-0.254587,100,967.189052
-10.251818,100,969.713005
11.090559,66,971.674722
-18.062363,100,974.286566
-17.445439,100,984.480615
-18.918927,100,987.343647
-39.928934,100,990.030867
-45.910018,100,992.793254
-13.956816,100,995.533955
-24.207645,100,998.461771
-39.833,100,1008.661901
39.458749,100,1011.33386
-31.498758,100,1014.03774
-15.340865,100,1016.861628
-29.053496,100,1019.39094
-25.283634,100,1029.133122
-33.511928,100,1032.052031
-26.973288,100,1034.604505
-29.783384,100,1037.150994
-18.906878,100,1040.612263
-15.047558,100,1050.124746
-5.480003,100,1052.962697
-19.050022,100,1055.565766
-19.955893,100,1058.359818
-2.578897,20,1058.915174
-15.732596,100,1061.566107
-55.903596,100,1071.851924
-18.093868,100,1074.577607
-15.831263,100,1077.284654
-16.754151,100,1080.033415
-32.441705,100,1082.668268
-14.383625,100,1092.168747
-17.816485,100,1094.681902
-18.78902,100,1097.258541
-18.886287,100,1099.790735
-1.918694,100,1102.64238
-18.661828,100,1112.650147
-17.208369,100,1115.173029
-16.362959,100,1117.778848
-21.431704,100,1120.352956
-15.401933,100,1123.130049
-28.244909,100,1133.338172
-19.677197,100,1135.960108
-35.037851,100,1138.644663
-14.920985,100,1141.428047
-19.435348,100,1144.126622
-21.56685,100,1154.49503
-41.647005,100,1157.036683
-20.553716,100,1159.55833
-23.392427,100,1162.164141
-19.096243,100,1164.749627
-24.788935,100,1174.562048
-15.703905,100,1177.439937
-16.343954,100,1180.106854
-18.742242,100,1182.781514
-15.693509,100,1185.342161
-27.794391,100,1195.407902
-27.28507,100,1197.979865
-16.317865,100,1200.560115
-18.770315,100,1203.302371
-39.086868,100,1205.926853
-1.361858,10,1206.175282
-20.950683,100,1215.719897
4.280607,100,1218.395198
1.808074,100,1221.385422
-22.822913,100,1224.238798
-22.763355,100,1227.083506
-15.333213,100,1229.573246
-18.561625,100,1239.381474
-15.602666,100,1242.089199
-20.598379,100,1244.809007
-20.406689,100,1247.559351
-0.188033,1,1247.584956
72.891846,100,1250.122369
-32.261615,100,1259.715007
-21.982299,100,1262.571429
-14.898372,100,1265.55384
-19.684525,100,1268.638229
-15.915327,100,1271.498032
-16.424634,100,1282.245985
-4.760369,100,1285.210647
-19.919156,100,1287.928371
-0.186562,1,1287.955648
-17.264057,100,1290.744324
-18.615987,100,1293.38901
-36.753426,100,1303.95029
-14.485331,100,1306.540832
-19.015936,100,1309.187321
-13.824335,100,1311.708945
-16.658538,100,1314.239893
-19.766234,100,1323.855183
-16.265577,100,1326.550072
-14.630064,100,1329.24097
-18.193531,100,1332.131236
-7.986357,100,1334.689788
-11.419025,76,1343.977084
-38.926605,100,1346.64876
-16.617323,100,1349.127658
-19.9912,100,1351.66449
-18.975613,100,1354.240859
-15.142367,100,1363.57371
-13.412859,100,1366.180153
-14.800497,100,1369.190652
-35.992496,100,1372.08068
-18.42088,100,1374.688842
-25.284002,100,1377.721824
-14.597176,100,1388.270124
-40.373119,100,1391.190977
-31.270506,100,1393.823621
-16.999879,100,1396.356098
-15.068367,100,1398.826981
-13.107926,76,1407.887939
-34.680241,100,1410.745865
-17.489229,100,1413.572179
-15.229512,100,1416.447855
-4.816535,32,1417.299928
-3.867284,25,1418.034291
-15.709036,100,1428.088491
-0.152724,1,1428.119667
-15.154841,100,1430.815674
-14.657311,100,1433.356919
-33.148799,100,1435.97363
-0.14762,1,1436.003035
-6.264667,45,1437.20064
-18.845683,100,1440.165243
-17.287894,100,1450.020475
-17.313646,100,1452.943663
-18.658165,100,1455.504739
-4.764897,100,1458.197237
-19.00578,100,1460.821972
-14.138656,100,1470.293178
-13.423704,100,1472.987119
-0.210584,1,1473.010818
-13.447826,100,1475.53654
-18.017571,100,1478.080229
-15.242394,100,1480.662391
-17.524151,100,1490.409704
-13.316701,100,1493.373701
-25.568866,100,1496.021784
-15.702749,100,1498.693808
-25.646865,100,1501.292136
0.559684,100,1511.670436
3.114612,100,1514.512484
-0.185295,1,1514.547538
-11.339978,100,1517.489209
5.740793,100,1520.205665
-13.227648,100,1523.01035
-16.602166,100,1526.121766
-20.049402,100,1535.911009
-23.139838,100,1538.772123
-23.580361,100,1541.641221
-14.308548,100,1544.449637
-16.516565,100,1547.562139
-34.326304,100,1558.163412
-0.149008,1,1558.196944
-17.437795,100,1562.138438
-19.501769,100,1564.878473
-37.324745,100,1567.755258
-18.935808,100,1570.768376
-12.690843,100,1581.734521
-17.436889,100,1584.319774
-17.222214,100,1586.860912
-14.958474,100,1589.377945
-0.202602,1,1589.402203
-0.113728,100,1592.146343
-14.942799,100,1601.902538
-35.708966,100,1604.663968
-13.701272,100,1607.422012
-9.726806,100,1610.099315
-22.983121,100,1612.69864
-12.553661,100,1622.110566
-3.104562,23,1622.698493
-17.793087,100,1625.231571
-19.349763,100,1627.814594
-24.997093,100,1630.358405
-0.200291,1,1630.384246
-18.326308,100,1633.055671
-18.14703,100,1642.460611
-20.037262,100,1645.089028
-21.298117,100,1647.602653
3.173233,100,1650.094804
-17.833439,100,1652.717649
-16.995617,100,1662.170719
-10.560737,100,1664.915363
-51.134001,100,1667.527376
-15.147717,100,1670.225982
-16.905702,100,1672.862695
-24.254035,100,1682.242919
-16.610717,100,1684.763084
-3.264496,100,1687.309453
-8.474091,100,1689.881118
-13.705797,100,1692.643693
-11.926417,89,1701.954436
-14.085786,100,1704.570141
-53.855828,100,1707.156018
-23.030755,100,1709.689963
-17.232778,100,1712.219358
-12.677376,100,1714.852348
-11.185653,100,1725.144888
-12.46152,100,1728.109631
-16.86923,100,1730.914911
-17.093574,100,1733.652067
-15.350685,100,1736.227077
-17.970969,100,1745.613904
-15.563097,100,1748.183145
22.113365,100,1750.795735
-18.895467,100,1753.427527
-17.369568,100,1755.969537
-20.802951,100,1766.235308
-34.623874,100,1769.24475
-12.680179,100,1772.037503
-17.419806,100,1774.680505
-15.052707,100,1777.222881
-16.653201,100,1787.07109
-16.597358,100,1789.560094
-16.423634,100,1792.168855
-17.614878,100,1794.699804
-17.344218,100,1797.195822
-14.162547,100,1806.556562
-17.788748,100,1809.150857
-15.529776,100,1813.3018
-16.134505,100,1816.118557
-16.73842,100,1818.765011
-14.67945,100,1828.332624
-35.663771,100,1830.97642
-21.253938,100,1833.717049
-19.315397,100,1836.546952
-16.715438,100,1839.370399
-11.560004,84,1848.790445
-15.942334,100,1851.623427
-42.400561,100,1854.457615
-42.662964,100,1857.10357
-12.536056,100,1859.655492
-44.225602,100,1862.306366
-16.852591,100,1871.647601
-21.482422,100,1874.25399
-5.805073,100,1876.777135
-14.085008,100,1879.467925
-19.541653,100,1882.055469
-11.594416,100,1892.220064
-18.839833,100,1895.116161
-11.772877,100,1898.210774
-22.211903,100,1901.253383
-13.945349,100,1903.972692
-31.598741,100,1913.947385
-16.520968,100,1916.684441
-0.187617,1,1916.710959
-16.697467,100,1919.476056
53.678483,100,1922.146286
-18.99884,100,1924.82548
-12.563108,100,1934.762278
-0.161188,1,1934.789633
-6.814648,100,1937.447425
-16.913743,100,1940.093606
-16.701534,100,1942.684497
-21.659518,100,1945.464974
-14.554149,100,1955.39027
-19.004537,100,1958.255397
-0.1436,1,1958.291541
-17.796552,100,1960.880928
-17.706846,100,1963.60943
-14.603711,100,1966.591566
-15.703272,100,1976.799761
-5.189852,100,1979.981427
-12.296561,100,1983.071053
-16.773466,100,1985.933899
-17.625354,100,1988.567716
-19.112562,100,1998.45909
2.057132,100,2000.918251
-17.678089,100,2003.595311
-15.083641,100,2006.499211
-18.421034,100,2009.278777
-15.622025,100,2019.149521
-14.17216,100,2022.018275
-26.596033,100,2024.612326
-0.196276,1,2024.640328
-26.764917,100,2027.268849
-16.821798,100,2029.869768
-16.062432,100,2039.577352
-15.278558,100,2042.145777
-30.663313,100,2044.665641
-16.185363,100,2047.329913
-15.308286,100,2049.904911
-15.714014,100,2052.582015
-19.483053,100,2062.272914
-11.94686,100,2064.927805
-0.189372,1,2064.951092
-14.540868,100,2067.721001
-12.525688,81,2070.924078
-17.794305,100,2073.66534
-13.410567,100,2083.229992
-18.647719,100,2085.856607
-14.957658,100,2088.762496
-20.57525,100,2091.286109
-32.366917,100,2093.748709
-20.687995,100,2103.583388
-18.648114,100,2106.236431
-18.632529,100,2108.710256
-13.403943,100,2111.377854
-16.636839,100,2114.378333
0.167752,62,2123.440365
-16.51954,100,2126.044524
-14.465745,100,2128.800225
-32.907538,100,2131.439705
-19.732945,100,2134.072421
18.416833,15,2134.47673
-15.358798,100,2144.263457
-38.522328,100,2146.787891
-1.865207,100,2149.249136
-17.788668,100,2151.729557
3.631644,100,2154.241064
-13.242626,100,2156.837855
-19.324126,100,2166.416933
-15.905099,100,2169.214199
-13.865191,100,2171.98225
-13.053585,100,2174.595862
-0.613529,6,2174.760225
-17.369111,100,2177.804842
-13.890909,100,2187.634963
-1.616216,13,2188.017974
-0.1648,1,2188.044613
-16.656015,100,2190.729403
-41.66783,100,2193.51784
-17.852083,100,2196.082329
-20.325036,100,2198.699283
-18.519864,100,2208.592066
-7.205575,60,2210.110738
-17.499618,100,2212.544753
-15.738038,100,2215.182347
-15.712352,100,2217.69982
-27.845662,100,2227.543987
-12.522604,100,2230.218505
-22.524036,100,2232.95193
-20.370294,100,2235.520292
-18.716524,100,2237.994603
-6.373863,100,2247.372089
-14.888268,100,2249.882361
-14.960988,100,2252.46208
-15.975027,100,2255.032411
-17.477785,100,2257.630619
-15.30409,100,2267.048878
-0.194255,1,2267.073239
-35.062262,100,2269.822402
-17.266526,100,2272.623971
-14.892765,100,2275.291871
-17.457265,100,2277.827649
-13.139185,100,2287.350814
-17.477508,100,2289.830907
-12.842786,100,2292.871433
-16.714182,100,2295.71347
-16.602063,100,2298.352869
-21.513627,100,2301.297162
-14.73484,100,2310.961456
-14.008456,100,2313.578972
-19.654894,100,2316.123799
-15.189043,100,2319.078861
-15.102262,100,2322.975725
-12.178568,100,2332.742576
-19.21016,100,2335.325026
-13.831459,100,2337.881779
-24.817081,100,2340.414605
-13.909752,100,2342.930378
-15.386301,100,2352.507078
-7.458105,100,2355.095672
-18.397097,100,2357.673957
-14.85538,100,2360.216299
-17.529939,100,2362.742212
-12.898116,100,2372.651022
-14.105311,100,2375.540849
-26.911439,100,2378.466002
-17.277334,100,2381.350646
-17.403532,100,2384.071166
-16.786867,100,2393.805985
-17.125506,100,2396.395034
-14.36371,100,2399.107909
-15.215809,100,2402.194524
-16.826873,100,2405.244567
-13.666945,100,2415.514288
-14.713077,100,2418.372628
-24.067699,100,2421.808753
-14.341767,100,2425.318193
-16.84203,100,2428.193109
-29.281847,100,2438.190744
-17.68785,100,2440.783978
-17.130483,100,2443.471627
-18.815226,100,2446.042381
-18.981313,100,2448.648994
-13.055283,100,2458.105146
-15.11133,100,2460.650903
-0.17557,1,2460.675882
-16.028219,100,2463.153659
-12.723796,100,2465.658519
-13.664195,100,2468.211466
-14.650472,100,2470.788022
-18.009603,100,2480.063456
-13.150516,100,2482.608458
-11.56703,100,2485.196949
-0.216966,1,2485.224644
-15.64225,100,2487.981445
-16.392229,100,2490.596235
-15.224831,100,2500.182465
-11.875076,100,2502.802851
-18.788604,100,2505.419398
-24.499404,100,2507.981226
-17.425225,100,2510.566279
-12.774795,100,2519.931403
-13.920794,100,2522.438612
-1.623935,13,2522.770177
-17.263504,100,2525.30395
-11.708707,100,2527.860611
-13.877183,100,2530.386573
-12.131524,80,2539.506863
-5.055907,32,2540.333235
-16.946745,100,2542.891278
-15.780041,100,2545.495094
-16.354081,100,2547.97277
-18.318601,100,2550.540863
-18.543636,100,2559.975807
-11.486509,100,2562.603781
-16.028562,100,2565.373659
-39.455902,100,2568.100316
-15.891706,100,2570.809452
-12.995608,100,2581.598528
-12.819536,100,2584.595102
-25.409488,100,2587.795718
-13.848264,100,2590.880213
-16.339633,100,2593.922369
-12.061823,100,2604.057661
-15.552322,100,2606.700424
-13.283229,100,2609.380014
-50.636467,100,2612.108693
-15.500699,100,2614.776836
-42.942072,100,2624.6165
-0.217102,1,2624.645122
-14.138177,100,2627.337458
-14.552657,100,2629.921088
-13.432382,100,2632.445829
-20.917736,100,2634.990822
-13.908565,100,2644.504269
-7.278919,100,2647.126632
-23.216076,100,2649.659749
-25.326421,100,2652.281975
-15.004388,100,2654.811243
-13.060168,100,2664.275758
-0.20689,1,2664.300658
-15.73483,100,2666.857877
-14.348846,100,2669.406497
-13.67653,100,2671.886125
-14.651161,100,2674.417628
-15.338703,100,2683.863897
-17.662916,100,2686.45268
-25.833127,100,2688.988903
-12.893417,100,2691.552911
-16.786251,100,2694.028743
-12.795141,100,2696.562667
-32.074625,100,2706.012981
-0.203766,1,2706.037046
-13.759276,100,2708.645769
-16.274809,100,2711.236228
-5.245044,37,2712.221893
-0.158326,1,2712.246038
-12.534224,100,2714.948608
-13.240131,100,2724.616336
-19.362803,100,2727.383866
-3.304261,100,2729.98871
-16.920451,100,2732.798175
-13.286206,100,2735.439689
-29.200368,100,2744.939266
-20.173202,100,2747.557639
-14.295658,100,2750.217984
-13.61853,100,2753.014869
-24.129875,100,2755.663386
-15.200021,100,2758.326954
-13.899387,100,2768.100494
-5.808255,52,2769.432167
-17.035615,100,2772.159674
-18.595351,100,2774.801006
-33.398332,100,2777.803666
-14.193396,100,2787.778314
-16.562544,100,2790.916644
-15.962627,100,2793.685942
-14.232356,100,2796.450726
-14.822039,100,2799.110078
-12.790754,100,2808.660128
-16.535221,100,2811.307012
-16.239222,100,2813.858186
-0.210346,1,2813.881926
-16.086697,100,2816.528919
-16.079398,100,2819.080761
-13.583719,100,2828.620463
-14.588157,100,2831.294696
-12.079785,100,2834.673767
-11.653603,100,2837.25276
-15.794615,100,2839.773836
-18.481556,100,2842.411518
-14.911773,100,2851.947142
-12.014839,100,2854.548696
-34.601437,100,2857.127808
-2.293982,19,2857.632843
-1.733145,11,2857.90624
-21.535292,100,2860.542633
-19.677552,100,2870.35718
-14.485152,100,2873.316256
-14.892116,100,2875.905652
-13.133514,100,2878.747558
-16.145184,100,2881.747221
-13.864108,100,2891.894276
-15.631703,100,2894.824575
-14.01326,100,2897.84177
-13.539988,100,2900.666701
-8.565961,100,2903.482952
-15.218763,100,2906.419167
26.688025,100,2916.253813
-18.29204,100,2918.853961
-13.32872,100,2921.503575
9.716146,100,2924.62151
-18.356492,100,2927.454119
-22.406234,100,2937.541833
31.556487,100,2940.069747
2.843537,100,2942.531507
-13.889047,100,2945.105122
-18.136052,100,2947.725762
-17.629555,100,2957.326641
-14.566645,100,2959.891037
-0.172664,1,2959.917154
-3.374892,96,2962.353725
-15.631478,100,2964.865347
-5.051273,100,2967.408312
-15.379547,100,2976.843946
-15.369896,100,2979.411415
-17.690575,100,2981.895498
-11.356943,100,2984.425317
-14.305377,100,2987.147338
-14.484518,100,2997.197349
-13.724215,100,2999.789536
-14.926478,100,3002.591646
-16.341324,100,3005.691904
-15.372115,100,3008.908156
-13.715589,100,3019.60832
-11.370292,100,3022.82942
-14.150344,100,3025.824575
-12.252644,100,3028.848222
-14.597661,100,3031.90595
-12.019399,100,3042.145029
-18.54359,100,3044.795006
-15.651027,100,3047.656275
-0.184659,1,3047.684157
-13.230368,100,3050.651066
-15.116172,100,3053.769895
-0.183353,1,3053.82257
-13.265531,100,3064.497889
-11.910177,100,3067.679023
-13.591512,100,3070.895847
-14.363586,100,3074.114964
-16.567333,100,3077.171514
-13.886882,100,3080.0145
-16.064696,100,3090.511455
-37.798567,100,3093.672177
-13.327226,100,3097.748507
-13.847783,100,3100.768023
1.91984,100,3103.40871
-11.916555,100,3112.945432
-11.026443,90,3115.31144
-13.441715,100,3117.827644
-14.661558,100,3120.443739
-0.18739,1,3120.469987
-13.871069,100,3123.035361
-13.586564,100,3132.866487
-14.608422,100,3135.512393
-5.916861,100,3138.05733
-8.93985,100,3141.091792
-12.333222,100,3144.196771
-12.376233,100,3154.496417
-12.299615,100,3157.672763
-14.81491,100,3160.387909
-12.788506,100,3163.234515
-21.153157,100,3166.050261
5.758084,100,3176.570732
10.888033,100,3179.33017
6.534214,100,3181.954973
-12.726589,100,3185.085283
-20.406337,100,3188.287148
-0.167975,1,3188.317918
-12.850965,100,3198.347934
-60.817941,100,3200.909367
-6.824336,53,3202.262738
3.62973,100,3204.798905
-13.246621,100,3207.313096
-17.958943,100,3209.875224
-14.396423,100,3219.750838
-17.916976,100,3222.659272
-0.226185,1,3222.711419
-13.324021,100,3225.88134
-12.393766,100,3229.148736
-12.683111,100,3232.16715
-14.382773,100,3242.573913
-13.046616,100,3245.642231
-15.005309,100,3248.755603
-13.515489,100,3251.631235
-13.766371,100,3254.752436
-14.199919,100,3264.896517
12.002936,61,3266.713795
-1.641126,15,3267.149327
-4.083401,30,3268.048687
-12.53575,100,3271.007942
-13.531428,100,3273.881215
-0.232752,1,3273.910217
-4.026516,100,3276.782249
-12.160005,100,3287.100368
-15.250999,100,3290.005842
-15.959569,100,3293.067516
-13.065557,95,3295.90982
-13.258283,100,3298.953852
-13.25223,100,3309.337892
1.960066,100,3312.391825
-11.753731,100,3315.382031
-34.185112,100,3318.382485
-12.463575,100,3321.319396
-12.129112,100,3331.621621
-0.160234,1,3331.649784
-13.293036,100,3334.621246
-13.514801,100,3337.569183
-16.652288,100,3340.46416
-14.908674,100,3343.566585
-29.031867,100,3346.592848
-14.579211,100,3357.024145
3.974951,100,3360.156483
-13.593592,100,3363.179734
-14.681873,100,3367.279209
-15.996757,100,3369.934455
-3.344994,26,3378.431139
-12.732819,100,3381.313116
-11.887246,100,3384.269204
-0.181604,1,3384.301721
-15.923439,100,3387.296339
-11.157524,100,3390.320649
-13.662433,100,3400.375783
-14.385176,100,3403.218722
-14.674122,100,3406.633307
6.96682,100,3409.988351
-20.046027,100,3412.703139
-24.444053,100,3415.607799
-9.838057,100,3425.714399
-12.252225,100,3428.38072
-0.5094,100,3431.338968
-9.089665,100,3434.177065
-12.47461,100,3436.823921
-12.781289,100,3446.64107
-13.627355,100,3449.295832
-17.042572,100,3451.912867
5.260148,100,3454.762609
-12.411632,100,3457.559316
-13.919924,100,3467.295778
-14.756974,100,3470.175618
-17.547702,100,3473.189387
-8.073656,100,3476.081475
8.898594,100,3478.930089
-19.07133,100,3488.641443
-16.133074,100,3491.324807
-19.400464,100,3493.897413
-11.978494,100,3496.442154
-15.53039,100,3498.999053
8.189669,100,3508.361128
29.964834,100,3511.116164
-13.133259,100,3513.850733
-15.636605,100,3516.383758
-13.575617,100,3518.889536
-15.003888,100,3528.263468
-18.452826,100,3530.896347
-13.179565,100,3533.432127
-12.407441,100,3536.007955
4.481975,41,3537.063413
-36.017663,100,3539.700147
-13.325761,100,3549.097352
-32.070781,100,3551.889746
-10.883841,100,3554.486193
12.855771,60,3556.018194
-12.639702,100,3558.593273
-11.555707,100,3568.021785
-19.053004,100,3570.57776
-10.68928,100,3573.15062
118.235737,100,3575.72677
-14.718285,100,3578.51161
-35.692746,100,3581.103869
-13.077709,100,3590.57207
-2.520648,21,3591.1006
-13.910652,100,3593.701203
-0.171469,1,3593.727636
-17.946362,100,3596.322362
-10.389777,100,3598.936473
-14.413529,100,3608.396056
-16.5604,100,3611.035697
-15.807012,100,3613.646754
-13.275833,100,3616.184535
-12.038166,100,3618.661717
-24.324872,100,3621.909457
-14.654561,100,3631.241514
-11.849722,100,3633.933359
-29.715841,100,3636.450469
-12.016134,100,3638.946261
-15.462793,100,3641.532523
-2.809153,22,3648.865274
-10.192213,100,3651.393063
-13.828959,100,3653.915251
-13.607698,100,3656.431337
-11.867198,100,3658.940676
-13.855127,100,3661.492834
-42.482166,100,3670.769951
-12.109378,100,3673.39014
-12.712348,100,3675.929495
-11.502492,100,3678.477232
-10.553564,100,3680.992672
-25.216865,100,3690.422439
-11.910477,100,3693.019357
-12.636971,100,3695.545649
15.873319,100,3698.070244
-12.538332,100,3700.595387
-9.862411,100,3710.200602
-14.164851,100,3712.705
-43.350127,100,3715.274296
-13.220527,100,3717.81467
-12.273974,100,3720.41596
-14.203117,100,3729.767199
-13.680676,100,3732.48308
-12.101906,100,3735.092523
-30.773811,100,3737.643949
-13.129004,100,3740.197161
-9.152609,100,3749.583188
-15.546055,100,3752.107921
-3.513335,27,3752.780422
-13.917274,100,3755.43654
6.255001,100,3758.187504
-19.146593,100,3760.758021
-17.133551,100,3770.242321
-14.052302,100,3772.74515
6.184169,100,3775.249382
-15.245139,100,3777.761693
-15.108595,100,3780.374346
-14.819182,100,3789.779825
-14.990345,100,3792.490572
23.155185,100,3795.057199
-29.521065,100,3797.575551
-12.712881,100,3800.127048
-13.299309,100,3809.477794
-13.942772,100,3812.015099
-13.161184,100,3814.580571
-12.519944,100,3817.146655
-14.301236,100,3819.646453
-11.876167,100,3829.031334
-44.986111,100,3831.521073
181.337324,100,3834.096724
-17.470843,100,3836.637485
-16.38052,100,3839.176639
-13.503089,100,3848.605435
23.288476,100,3851.187537
-12.265347,100,3853.879188
97.901001,100,3856.434924
-14.341328,100,3858.920522
-11.924024,100,3861.495361
-17.175072,100,3871.854762
-0.889866,7,3872.045194
116.934186,100,3874.613279
-0.23252,1,3874.638999
-12.899547,100,3877.164871
-13.019996,100,3879.682684
-32.234146,100,3882.260528
-15.72377,100,3891.682409
-10.231826,100,3894.267325
-12.236534,100,3896.75708
-2.337133,20,3897.258573
-15.194474,100,3899.790727
-16.319055,100,3909.452624
-14.615052,100,3912.238307
-10.244381,100,3914.848785
-10.972652,100,3917.36134
-4.835184,40,3918.352895
-1.059999,11,3918.623526
-11.911888,100,3921.165448
-13.917626,100,3930.453974
-28.364621,100,3932.977192
-16.118872,100,3935.511582
-2.710714,100,3938.05233
-13.620486,100,3940.596812
-12.998988,100,3949.86886
-16.37754,100,3952.388059
-54.958035,100,3954.914913
-14.380941,100,3957.440054
-16.859984,100,3959.990253
-13.86039,100,3969.341069
-11.897101,100,3972.004245
-35.141151,100,3974.563808
8.163277,100,3977.150232
-10.81634,100,3979.662372
27.196508,100,3989.044871
-12.841455,100,3991.512186
-13.793196,100,3994.101305
-15.651791,100,3996.667022
-11.271799,100,3999.396687
-10.804316,100,4002.007364
-13.548681,100,4011.410088
94.16308,100,4014.075624
-12.587844,100,4016.595441
-14.524142,100,4019.193331
-13.371506,100,4021.775166
-15.136754,100,4031.15229
-11.746171,100,4033.660547
-12.280689,100,4036.266274
-12.855808,100,4038.834112
-10.535232,100,4041.396822
-13.58729,100,4050.664965
-10.534159,100,4053.273739
-0.176599,1,4053.300263
-12.4097,100,4055.856107
-12.745389,100,4058.44008
-19.546076,100,4060.97063
-13.490234,100,4070.394242
-4.424093,30,4071.183523
-12.726411,100,4073.708437
-14.072533,100,4076.242983
-13.355462,100,4078.77305
15.456979,100,4081.279641
-14.217573,100,4090.647434
94.776644,100,4093.310609
-17.512257,100,4095.924931
-12.562097,100,4098.399121
-11.916022,100,4100.955886
-0.168556,1,4100.988997
-12.076235,100,4110.336813
-13.362289,100,4113.852621
-3.335112,30,4114.612308
-11.209886,100,4117.151084
-0.168656,1,4117.17537
-12.309135,100,4119.746154
-12.932891,100,4122.237263
-13.065321,100,4131.607452
-10.804085,100,4134.162637
-13.485445,100,4136.722464
-17.671434,100,4139.259676
-14.660007,100,4141.826433
-13.112746,100,4151.138494
-13.007988,100,4153.739222
-14.180988,100,4156.282729
-10.884459,100,4158.805522
-12.248726,100,4161.345177
-14.304957,100,4170.71187
-12.508558,100,4173.28474
-13.76152,100,4175.798944
-12.745528,100,4178.311901
-11.861454,100,4180.848653
-35.820977,100,4190.218805
-13.506711,100,4192.771817
-20.610153,100,4195.366731
-1.959828,100,4197.867572
-13.310581,100,4200.418834
-13.084581,100,4209.734399
-26.507178,100,4212.560555
-10.923806,100,4215.143242
26.384285,100,4217.706504
-14.384285,100,4220.213916
-13.215258,100,4229.547161
-13.965029,100,4232.018474
-12.872097,100,4234.592853
-12.783275,100,4237.068592
-3.749036,100,4239.615049
-13.383252,100,4248.983687
-13.754573,100,4251.531021
-11.117522,100,4254.040898
-12.600521,100,4256.830553
-13.606234,100,4259.525641
-13.010682,100,4268.900009
10.800948,100,4271.666233
-10.9882,100,4274.261566
-12.113588,100,4276.808249
-13.51929,100,4279.290534
-11.551004,100,4281.82438
7.919792,100,4291.16358
-11.409847,100,4293.711561
-2.465411,100,4296.188377
132.543733,100,4298.758748
-11.919232,100,4301.291642
-0.162853,1,4301.314312
-13.183873,100,4310.658151
-12.527058,100,4313.131611
-10.447819,100,4315.632461
-15.923199,100,4318.152692
-15.723905,100,4320.669974
-13.849724,100,4330.01525
-12.142417,100,4332.591363
-12.522781,100,4335.140238
-12.072975,100,4337.679359
-11.498629,100,4340.161254
-11.208298,100,4349.502929
-15.691175,100,4352.045147
-10.475847,100,4354.628403
-7.697045,100,4357.893397
-10.335844,100,4360.421803
-11.951154,100,4369.760077
-15.033829,100,4372.297412
-11.24849,100,4374.783779
-1.048479,13,4375.116666
-14.864366,100,4377.59457
-14.008432,100,4380.112764
-29.605325,100,4389.515269
-16.396813,100,4392.208385
-3.751989,100,4394.723514
-12.761761,100,4397.222559
-10.803128,100,4399.719081
-12.669702,100,4408.998788
27.724953,100,4411.598695
-13.028213,100,4414.12593
-26.812471,100,4416.640225
-12.047432,100,4419.158971
6.235054,100,4428.640695
-13.444562,100,4431.143599
-12.007019,100,4433.6578
-1.463846,100,4436.17419
-12.30365,100,4438.745934
-15.843111,100,4448.101152
-12.875059,100,4450.572791
-2.173308,100,4453.172095
-12.28024,100,4455.637205
-10.83014,100,4458.15448
-10.742255,100,4460.697361
-15.595341,97,4469.938977
-11.511307,100,4472.589618
-0.196054,1,4472.618847
-12.303585,100,4475.20375
-20.83689,100,4477.780433
-13.950045,100,4480.323812
-13.156515,100,4489.651489
-2.146056,100,4492.171127
-13.274084,100,4494.698521
-12.489343,100,4497.334944
-7.717768,76,4499.317386
-12.901412,100,4508.639367
-11.03452,100,4511.19659
-12.801165,100,4513.699067
-12.092081,100,4516.288896
-13.032478,100,4518.829977
-13.293056,100,4528.165404
-10.650793,100,4530.717074
-12.299554,100,4533.26572
-12.464966,100,4535.858377
-32.705808,100,4538.458496
-11.863452,100,4547.810465
-12.722217,100,4550.334324
5.965178,100,4552.924931
-15.213084,100,4555.441564
-13.552538,100,4557.96106
-10.399923,100,4567.392193
-11.787435,100,4569.906917
-10.861509,100,4572.53851
-14.540481,100,4575.110161
-11.760132,100,4577.62935
122.677939,64,4579.249373
-10.203644,100,4588.596573
-13.473597,100,4591.088199
-12.709697,100,4593.62612
-0.769435,8,4593.833717
5.863496,100,4596.392708
-0.412067,100,4599.688624
-15.662052,100,4609.0293
-14.094527,100,4611.510737
-37.332408,100,4614.010641
-13.179688,100,4616.515717
-25.560484,100,4619.117587
-11.502548,100,4628.411535
-2.012384,100,4631.115961
-12.331641,100,4633.811788
-13.374489,100,4636.340102
-8.702342,100,4638.837008
-42.649926,100,4649.831538
-10.651544,100,4652.553935
-12.944302,100,4655.912077
-11.702921,100,4658.626542
-11.965166,100,4661.384601
-12.733354,100,4670.571666
-12.142815,100,4673.161998
-15.415467,100,4675.854187
1.354662,100,4678.343899
24.675849,100,4680.761476
-13.024364,100,4689.723945
6.162892,100,4692.209428
-13.228753,100,4694.514968
-11.548625,100,4988.960592
-10.99639,100,4991.898741
-10.502668,100,4994.261271
9.177601,100,5026.353174
-13.397786,100,6493.134482
-12.889852,100,6497.510289
-13.55655,100,6500.092262
-7.84879,100,6504.596552
-9.803204,100,7542.672203
-14.251805,100,7545.229418
-11.070331,100,7547.609309
-16.855214,100,7549.868514
-11.235031,100,7561.721223
-13.632663,100,8624.202391
-10.654425,100,8626.639179
-10.269363,100,8629.100577
-11.225459,100,8637.714626
-12.69081,100,8652.330448
-13.104127,100,12275.575602
-12.748558,100,12277.960892
-15.9778,100,12286.385875
-10.693061,100,12301.918442
-12.907468,100,12315.741315
-11.004456,100,15926.020411
-14.163173,100,15935.22378
-12.688048,100,15950.138908
-13.056889,100,15964.112408
-0.152909,1,15964.247728
-13.664281,100,19567.519976
-11.845731,100,19584.882932
-0.177674,1,19585.013641
-11.356148,100,19599.965953
-6.408268,62,19608.59605
-10.770157,100,19622.400488
-11.327182,100,19636.500623
-16.291875,100,19650.416475
-15.374967,100,19697.627455
-10.507229,99,19708.838453
-12.329826,100,19720.831796
-10.677779,100,19731.897559
-11.743744,100,19745.453578
-10.954407,100,19772.581712
-12.542163,100,19779.861663
-11.750799,100,19786.64592
-10.280135,100,19793.074926
-14.622996,100,19799.536594
-12.900672,100,19820.323065
-11.777471,100,19826.266637
6.836218,100,19831.943421
-13.688975,100,19837.907187
143.512185,100,19843.673471
13.579711,100,19863.211595
-12.610116,100,19868.767942
-10.304605,100,19874.161677
-24.98736,100,19879.529793
-0.184235,1,19879.586311
-25.801193,100,19884.987953
-20.675826,100,19903.5559
-11.994152,100,19909.087422
-3.006181,100,19914.564892
-13.643976,100,19919.923448
-9.698959,100,19925.369878
-12.822357,100,19943.889449
-11.833081,100,19949.460853
-14.364921,100,19954.953005
-8.337674,78,19959.167448
-12.003402,100,19964.606613
-18.158401,100,19970.205784
-11.926802,100,19988.559145
-13.064566,100,19993.937325
-13.000391,100,19999.324605
-10.441275,100,20004.764293
-13.931536,100,20010.413929
-3.675103,100,20029.280378
-0.878872,9,20029.872932
-5.760898,53,20032.75189
-11.35127,100,20038.276747
-4.936269,100,20043.650243
-13.032939,100,20049.027998
-12.686978,100,20067.364015
-12.423298,100,20072.821058
-10.727407,100,20078.369553
-15.251717,100,20083.877853
-13.960212,100,20089.318378
-17.922058,100,20108.426923
-11.628854,100,20114.258547
-12.783815,100,20120.05284
-9.625361,100,20125.761709
-11.945786,100,20131.519125
-14.995206,100,20151.067135
-12.202396,100,20156.711792
-13.734462,100,20162.538793
-10.443675,100,20168.42916
-0.189149,1,20168.484106
-13.043752,100,20174.110683
-12.491378,100,20179.86121
-16.396726,100,20199.509065
-0.442127,5,20199.790131
-33.293721,100,20205.560161
-6.004641,58,20208.90584
-13.478634,100,20214.724455
-13.813128,100,20220.633284
-12.752237,100,20240.928516
-10.812381,100,20246.743295
-14.241923,100,20252.621583
-1.472915,12,20253.294674
-14.112086,100,20259.277713
-13.129126,100,20265.092108
-10.297224,100,20284.743303
-13.452585,100,20292.787216
-12.023214,100,20298.72626
-12.545994,100,20304.42839
-12.025511,100,20310.284976
