#{"t_start": 1701638788.5893362, "env_id": "PickUpLowLevel-v0"}
r,l,t
-45.804941,100,3.025006
-48.248334,100,5.500751
-26.806949,100,7.971223
-23.171895,100,10.494828
-55.972976,100,12.854448
-49.119322,100,24.047391
-33.778697,100,27.108584
-28.497887,100,30.10991
-37.041329,100,33.219514
-0.175239,1,33.251517
-0.169729,1,33.281563
-20.165984,100,36.202987
-33.482272,100,47.673082
-9.233402,46,49.171153
-28.318528,100,52.166583
-24.764312,100,55.247858
-18.496328,100,58.239419
-26.951585,100,69.839763
-30.306686,100,72.977153
-20.042249,100,76.103303
-32.296084,100,79.483751
-21.283116,100,82.596072
-20.629866,100,86.054468
-29.415178,100,97.349016
-32.29668,100,100.236982
-26.272944,100,103.126201
-18.001718,100,106.117673
-18.504917,100,109.394081
-24.726309,100,120.656775
-6.116352,38,121.850738
-21.3077,100,124.958112
-24.744183,100,128.075176
-18.154259,100,131.124072
-16.046871,100,142.280989
-25.095182,100,145.311535
-49.642163,100,148.526163
-24.967203,100,151.565905
-29.640705,100,154.694774
-22.403782,100,166.491891
-15.860277,100,169.720453
-20.678505,100,172.739255
-0.153327,1,172.770007
-27.786323,100,175.893791
-48.652937,100,178.984561
-16.470402,100,181.986215
-1.701717,15,191.186819
-14.437921,82,193.610311
-50.313186,100,196.668225
-0.188613,1,196.696143
-5.78918,100,199.815209
-24.030212,100,202.694225
-24.494265,100,205.979563
-18.207073,100,217.8481
-0.148478,1,217.877494
-19.974054,100,220.940085
-17.444444,100,223.871464
-14.396202,100,227.018452
-16.812242,100,230.22166
-38.044123,100,241.817855
-20.078356,100,245.131529
-27.072058,100,248.274955
-31.771261,100,251.39622
-18.433018,100,254.310699
-0.174102,1,254.337451
-17.391277,100,266.170829
-42.625544,100,269.387146
-17.837823,100,272.591021
-13.205044,100,275.71241
145.747881,100,278.865183
-54.412764,100,290.689259
-67.856533,100,295.881061
-13.903831,93,298.645505
-13.511631,100,301.841586
-28.133055,100,305.046571
-14.710597,100,316.916034
-19.103003,100,319.948701
-20.247204,100,322.866485
-15.528645,100,325.800329
-35.743885,100,328.999853
-3.97987,100,340.62464
-16.094456,100,343.531393
-11.984579,66,345.43172
-19.843842,100,348.259754
-16.438021,100,351.316741
-21.930527,100,354.602342
-23.36585,100,365.934444
-19.381908,100,368.697283
-37.237119,100,371.664597
-19.362384,100,374.708652
-17.14672,100,377.728454
-20.525165,100,389.311822
-2.769284,100,392.125125
-14.342983,100,394.918827
-1.619816,11,395.216211
-52.399792,100,398.178736
-15.131736,100,401.145188
-15.034397,100,412.586084
-17.266818,100,415.256537
-19.512487,100,418.012131
-17.88765,100,420.903062
-8.954611,100,424.017976
-16.434476,100,437.102726
-16.387209,100,440.389625
-17.576442,100,443.767081
-15.505747,100,447.206866
-16.960167,100,451.042183
-0.178003,1,451.075401
-24.382361,100,463.119706
-20.219965,100,466.138763
-21.562299,100,469.046379
-15.542921,100,472.008721
-15.396811,100,475.004781
-0.58369,6,475.193768
-21.958156,100,487.257938
-37.072035,100,490.221827
-17.957068,100,493.106486
-14.656638,100,495.867735
-20.19879,100,498.777035
-16.778414,100,510.444218
-19.822083,100,513.593679
-7.972056,58,515.376513
-21.78881,100,518.570341
-54.816723,100,521.978208
-13.473325,100,525.227776
-27.298756,100,536.988008
-20.720908,100,539.998593
-14.736739,100,542.97778
-1.059177,77,545.153384
-12.69503,100,548.114993
-27.012754,100,560.151521
-0.457767,8,560.397215
-16.731969,100,563.466686
-82.869596,100,566.454087
-17.741376,100,569.318865
-15.707585,100,572.477306
-18.088527,100,584.08353
-43.562771,100,586.893764
-101.446536,100,591.229565
-11.871205,100,594.297059
-18.138414,100,597.102682
-12.341644,100,608.981965
-13.911741,100,612.082164
-7.298472,63,613.95479
-15.255542,100,616.999157
-16.408573,100,619.886346
-14.449041,100,622.877624
-19.204284,100,634.50526
-36.785084,100,637.530591
-3.053305,27,638.355187
-12.163259,100,641.401257
-13.912854,100,644.353867
-14.578798,100,647.349595
-13.237645,100,658.969132
-15.102585,100,661.996462
-13.749511,100,664.946759
-0.155613,1,664.974421
-14.24295,100,667.925561
-11.3587,100,670.982831
-15.187381,100,682.43428
-18.66928,100,685.566852
-30.000709,100,688.63915
-13.904681,100,691.645023
-12.818351,100,694.651856
-2.94236,28,695.522104
-18.707985,100,707.013904
-15.565387,100,709.78757
-17.72021,100,712.708904
-15.365378,100,715.510737
-17.950558,100,718.356266
-13.943857,100,729.738069
-11.174997,100,732.693177
-18.823243,100,735.471894
-30.726379,100,738.138629
-18.743895,100,740.918534
-15.869417,100,752.226029
-13.475896,100,755.075198
-13.439671,100,757.765908
-11.517427,87,760.205735
-14.655272,100,763.032178
-13.195439,100,774.498733
28.191783,13,774.873364
-16.167153,100,777.611802
-18.358042,100,780.370711
-0.150242,1,780.403707
-31.361811,100,783.173058
-16.632134,100,785.995502
-28.515292,100,797.635754
-16.93816,100,800.532044
-13.790376,100,803.378941
-11.994733,100,806.257817
-21.695427,100,808.984419
-16.354111,100,820.163352
-14.399781,100,823.091553
-9.139465,83,825.498639
-0.169891,1,825.526275
-15.638338,100,828.184703
-6.409031,53,829.615463
-15.496932,100,832.327059
-15.146548,100,843.600807
-14.95191,100,846.486366
-0.756764,8,846.696438
-11.123182,87,849.059021
-13.785199,100,851.75912
-15.912992,100,854.535849
-17.766641,100,865.87718
-12.016011,100,868.971506
-7.521951,43,870.292149
-13.590812,100,873.173938
-12.759907,100,876.922187
-12.884811,100,879.621562
-13.439643,100,891.197961
-3.307421,25,891.945846
-13.809591,100,894.806731
-2.806279,19,895.314301
-16.494109,100,898.08269
14.139252,100,900.840336
-12.761316,100,903.599628
-11.764639,100,915.241146
-14.660928,100,918.305
-11.943176,100,921.118889
-4.75726,45,922.370641
-11.358163,100,925.206915
-22.022397,100,936.503932
-15.153493,100,939.609831
-19.971811,100,942.663961
-14.495263,100,945.477738
34.28663,100,948.297423
-15.203172,100,959.550861
-12.996654,100,962.612815
-14.62791,100,965.520937
-0.148669,1,965.550735
-12.266326,100,968.364701
-15.099458,100,971.195712
-13.350222,100,973.932596
-15.955246,100,985.41445
-0.153319,1,985.448496
-14.141731,100,988.394954
-12.066346,100,991.440973
-19.07409,100,994.215625
-17.708526,100,996.954839
-13.133724,100,1008.297081
-13.67839,100,1011.320406
-15.761548,100,1014.266036
-2.246943,21,1014.851368
-13.303738,100,1017.593402
-10.717853,100,1020.147675
-11.864936,100,1031.497879
-10.839032,100,1034.52995
65.742105,100,1037.471159
-12.006093,100,1040.230897
14.01039,58,1041.756189
-12.808795,100,1052.915714
-12.593348,100,1055.771621
-10.532519,100,1058.661261
-18.360298,100,1061.672454
-10.360566,100,1064.357068
-17.751764,100,1075.588805
-12.569983,100,1078.485369
-38.679448,100,1081.494847
-0.151193,1,1081.526238
-13.22255,100,1084.558523
-14.445216,100,1087.439099
-0.156614,1,1087.467766
-15.182689,100,1098.802888
-0.186137,1,1098.826179
-11.360694,100,1101.54644
-14.696399,100,1104.362322
-12.320671,100,1107.288901
-14.067735,100,1110.18995
-0.145397,1,1110.219773
-0.177326,1,1110.244842
-12.888964,100,1121.592876
-12.516281,100,1124.571905
-11.569671,100,1127.439352
-20.539234,100,1130.427906
-11.112357,100,1133.600816
-20.313072,100,1145.105681
-2.762366,22,1145.724437
-0.152947,1,1145.753245
-11.009044,100,1148.75544
-0.149382,1,1148.783606
-15.000617,100,1151.628833
-12.888999,100,1154.632521
-3.379416,36,1155.623413
3.13466,58,1157.248076
-13.937465,100,1169.709605
-12.516061,100,1172.311993
-11.971415,100,1174.867968
35.089343,100,1177.660422
-12.802239,100,1180.656762
-33.289662,100,1183.544816
-11.264797,100,1194.901431
-11.206813,100,1197.755785
-62.850462,100,1200.646864
-15.316953,100,1203.555963
-16.656012,100,1206.353176
-2.215865,21,1215.479598
-31.11899,100,1218.150349
-13.67752,100,1220.849152
-15.389456,100,1223.679596
-23.970614,100,1226.524367
-18.363286,100,1229.357401
-4.14872,37,1238.958977
-12.179555,100,1241.552143
-7.1685,55,1242.945321
-13.609466,100,1245.767566
5.376483,100,1248.608311
-13.299764,100,1251.630588
-12.251706,100,1262.86245
-13.659055,100,1265.542607
-12.142399,100,1268.279782
-12.581901,100,1271.217783
-14.460864,100,1274.276352
-33.38665,100,1285.590152
38.314543,100,1288.369608
-0.148653,1,1288.395503
-4.116955,100,1291.025235
-17.2979,93,1293.699695
-16.491253,100,1296.635067
-1.577995,16,1297.087302
-14.891992,100,1308.530464
-6.100236,49,1309.947707
-27.183767,100,1312.509377
-12.906717,100,1315.088598
-24.75769,100,1317.93475
-5.276652,46,1319.354075
-11.54196,100,1331.013419
-17.287274,100,1333.873757
-0.144881,1,1333.897779
-12.462073,100,1336.670996
-6.264993,49,1338.064946
-0.148959,1,1338.094951
-11.526576,100,1341.024387
-18.118554,100,1344.081433
-9.97985,100,1355.579859
-1.81285,15,1356.0364
-7.475687,63,1357.814763
-17.238537,100,1360.592523
-7.86904,50,1362.040554
-13.785539,100,1364.881529
-14.242539,100,1367.77483
-14.642753,100,1379.21353
-53.500713,100,1382.021861
-14.194066,100,1384.895061
-17.339035,100,1387.610817
-0.154874,1,1387.643125
-11.248354,100,1390.550773
-21.104294,100,1402.004977
-15.28735,100,1404.645054
-44.942287,100,1407.373456
-16.658922,100,1410.204562
5.808594,100,1413.18786
-0.15613,1,1413.2216
-12.812051,100,1424.48979
-18.064568,100,1427.200158
-11.982538,100,1429.906069
-12.257891,100,1432.660934
-13.377699,100,1435.499475
-14.92956,100,1447.745778
-2.369652,22,1448.373907
-11.638578,100,1451.215407
-12.40581,100,1453.996199
-14.246881,100,1456.820502
-14.683223,100,1459.680567
-21.079138,100,1471.522653
-11.294893,100,1474.260046
-11.505451,100,1477.253113
-18.25754,100,1480.024495
-13.135951,100,1482.862253
5.136193,44,1492.740481
-15.803044,100,1495.438575
-12.303386,100,1498.20474
-14.132702,100,1501.049558
-30.926575,100,1503.792515
4.298735,100,1506.669858
-14.078918,100,1518.120553
-3.19554,29,1518.937224
-5.08284,38,1520.063076
-13.964627,100,1522.835463
-41.943487,100,1525.547458
-6.065445,49,1526.90632
-13.618179,100,1529.887277
-0.155528,1,1529.914857
-2.015036,21,1538.9914
-12.58565,100,1541.85547
-20.148727,100,1544.59063
-11.977514,100,1547.226784
-11.87548,100,1550.048702
-13.024653,100,1561.36141
-15.256756,100,1563.998177
-11.45173,100,1566.726089
-12.442332,100,1569.445279
-2.577543,24,1570.23827
-0.147696,1,1570.263016
-12.057239,100,1573.022639
-15.433829,100,1584.386039
-10.922384,89,1586.776713
-13.038016,100,1589.564111
-15.949814,100,1592.339327
-11.100127,100,1594.962722
-11.020767,100,1597.769161
-12.606458,100,1609.364173
-14.884936,100,1612.201371
-0.184048,1,1612.233981
-12.434909,100,1615.056699
-4.917354,34,1616.088135
-14.176311,100,1618.88265
-12.03526,100,1630.513496
-17.192493,100,1633.540962
-20.666414,100,1636.236862
-11.747662,100,1639.062769
-0.17357,1,1639.090329
-12.710872,100,1641.87365
-0.148921,1,1641.903882
-11.039389,100,1653.220901
-12.35291,100,1656.029318
-0.168834,1,1656.054836
-12.688405,100,1658.872454
-0.150994,1,1658.906828
9.336256,8,1659.132484
-13.352447,100,1661.878832
-25.406333,100,1664.603436
-14.85978,100,1675.753847
-0.14877,1,1675.787015
-15.951151,100,1678.444205
-37.780356,100,1681.205686
-0.153284,1,1681.236769
-39.901375,100,1683.99214
-3.364392,100,1686.650333
-13.839994,100,1689.479024
-12.566898,100,1700.912145
-13.479972,100,1703.660751
-17.816078,100,1706.330955
-11.872713,100,1709.1241
-1.776055,14,1709.533378
-13.282758,100,1712.372474
-10.878961,100,1723.679164
-3.838964,35,1725.609018
-9.823276,100,1728.596036
-11.068612,100,1731.540563
-10.672265,100,1734.287854
-0.15531,1,1734.315892
6.355004,100,1745.525787
-11.252054,100,1748.28226
-6.084583,100,1751.018305
-10.026851,100,1753.797339
-2.799419,27,1754.525836
-11.486757,100,1757.26372
-9.953505,100,1768.56602
-2.197345,22,1769.21223
-12.120476,100,1772.067529
-13.752321,100,1774.864842
-11.028048,100,1777.564399
-11.166625,100,1780.333507
-10.66733,100,1791.660785
-13.081823,100,1794.398166
-13.3293,100,1797.074821
-11.582325,100,1799.729336
-11.468553,100,1802.478048
-0.160194,1,1802.507425
-13.801383,100,1813.897142
-9.7367,100,1816.650406
-7.671259,84,1818.899892
-1.430013,15,1819.309551
-10.650888,100,1822.034688
-0.156966,1,1822.064383
-11.308607,100,1824.896206
-10.506758,100,1836.225418
-9.448243,100,1838.994901
-11.01299,100,1841.778769
-12.389827,100,1844.744335
-12.544717,100,1847.405492
-0.154816,1,1847.430312
-12.544709,100,1858.702474
-11.031472,100,1861.514421
-11.922505,100,1864.31722
-13.897008,100,1867.367185
-0.154512,1,1867.399378
-32.552651,100,1870.292019
-57.727925,100,1881.561287
-11.282062,100,1884.246957
-11.076495,100,1887.028181
157.938676,100,1889.907358
-0.153553,1,1889.939955
-11.17774,100,1892.681854
-14.897768,100,1895.464294
-11.172677,100,1906.645318
-19.791423,100,1909.463899
-0.177246,1,1909.492112
-17.717151,100,1912.252672
-1.902425,14,1912.618108
-11.243248,100,1915.305133
-11.902559,100,1918.072754
-12.411281,100,1929.301272
-4.352643,34,1930.248367
-10.375158,100,1932.960239
-2.834111,26,1933.636227
-5.728602,52,1935.018474
-10.773315,100,1937.664319
-11.452509,100,1940.401753
-12.142935,100,1951.582809
-11.663332,100,1954.254137
-11.598039,100,1956.904555
-11.053831,100,1959.599422
-11.430223,100,1962.394292
-35.628221,100,1973.767828
-14.139746,100,1976.447626
-2.711672,100,1979.215092
-0.145374,1,1979.250456
7.958061,25,1979.932687
14.489736,51,1981.405693
-0.159241,1,1981.435349
-16.319003,100,1984.097514
-11.451793,100,1995.450983
-17.002919,100,1998.115434
-12.116866,100,2001.774165
-7.643657,100,2004.530472
-10.639359,100,2007.17383
-8.455271,92,2018.146066
-11.554872,100,2020.928354
-12.014138,100,2023.678184
-10.757225,100,2026.356248
-10.973723,100,2029.13979
-11.877207,100,2040.350109
-14.749609,100,2043.146068
-11.240855,100,2045.766526
-5.691459,66,2047.498892
-17.394562,100,2050.236519
-3.263715,36,2051.25742
-10.79892,100,2062.42494
-1.777583,18,2062.906908
-13.619024,100,2065.637857
-10.143144,100,2068.345238
-20.984537,100,2071.201285
-12.054198,100,2074.004741
-2.513072,26,2074.719209
-0.149629,1,2074.74759
-10.057631,100,2086.128583
-37.808265,100,2088.876466
-11.682021,100,2091.639748
-12.631283,100,2094.409543
-10.084752,100,2097.180514
-12.868861,100,2108.349764
-3.162651,32,2109.286127
-12.700292,100,2112.085696
-40.484072,100,2114.88786
17.859766,100,2117.596534
-10.803507,100,2120.342677
-1.441419,11,2120.660131
-14.598256,100,2131.827754
-12.240032,100,2134.640712
-10.250863,100,2137.303574
-10.353541,100,2139.992223
-12.533745,100,2142.777694
-0.158336,1,2142.805294
-11.501248,100,2153.997063
-18.835864,100,2156.752824
-10.915058,100,2159.401305
-6.551308,100,2162.176337
-13.64766,100,2164.988581
-4.055571,100,2176.547554
-4.41761,50,2177.913016
-10.943391,100,2180.686921
-11.630117,100,2183.412754
-13.066623,100,2186.172125
-13.642791,100,2188.925297
-7.413427,68,2199.519388
-0.155048,1,2199.54559
-14.046352,100,2202.314461
-2.068408,100,2205.102486
-11.651834,100,2207.729837
-10.540705,100,2210.504958
-9.772063,100,2221.818151
-12.687371,100,2224.599335
-12.548118,100,2227.255282
-11.879423,100,2230.038148
-5.981911,52,2231.508502
-11.67837,100,2234.267797
-11.447644,100,2245.518177
-35.91448,100,2248.220196
-10.814663,100,2250.953542
-10.554953,100,2253.774534
-14.56799,100,2256.699856
-1.88107,18,2257.246862
-9.193198,100,2268.556001
-10.757411,100,2271.431273
-9.541344,80,2273.671139
-2.455881,23,2274.302632
-11.161759,100,2277.955055
-1.450976,15,2278.375307
-10.891226,100,2281.404414
-11.423436,100,2292.980463
-14.187163,100,2295.890136
-8.93927,100,2298.619755
-15.988035,100,2301.404743
-11.489487,100,2304.365686
-10.334826,100,2315.708862
-13.349218,100,2318.462684
6.965247,29,2319.255885
-1.723796,18,2319.742159
-9.502321,100,2322.56281
-12.448431,100,2325.465326
-0.166335,1,2325.494206
-9.744749,100,2337.129516
-10.08502,100,2339.870422
-10.247238,100,2342.690717
-19.534892,100,2345.519349
-9.626599,100,2348.745258
-10.874904,100,2351.979186
-9.743131,100,2363.657677
-14.931476,100,2366.567322
-0.147518,1,2366.595731
-12.587492,100,2369.39256
-0.172628,1,2369.421289
-12.126024,100,2372.56872
-29.356743,100,2375.577186
-12.258635,100,2386.924356
-0.156997,1,2386.953196
-12.712262,100,2389.717299
-1.557306,13,2390.08782
-15.582564,100,2392.84386
-16.806126,100,2395.800505
-38.072049,100,2398.807793
18.616266,100,2410.092136
-13.256593,100,2412.842184
-10.569983,95,2415.592062
-0.147862,1,2415.618991
-0.14555,1,2415.649964
-1.282249,12,2416.014118
-12.807431,100,2419.065527
-11.005542,100,2422.12811
-1.926403,100,2433.671269
-0.705805,7,2433.875011
-7.692415,73,2436.045759
-11.062733,100,2439.194854
-11.43357,100,2442.300249
-9.891887,100,2445.270624
-1.230027,11,2445.607802
-11.093736,100,2457.176964
-9.277585,100,2459.908511
-11.642556,100,2462.845405
-9.371896,100,2465.969
-13.233847,100,2468.957902
-13.034543,100,2480.269107
-17.336259,100,2483.06944
-9.494816,100,2486.020104
-11.308364,100,2489.073731
-13.293322,100,2492.224307
-11.008297,100,2503.390271
-0.189902,1,2503.418424
-10.477863,100,2506.14484
-12.889658,100,2509.130153
-12.597131,100,2512.313988
-11.890478,100,2515.372749
-12.862063,100,2526.796281
-11.405722,100,2529.583829
0.960832,100,2532.634049
-10.353169,100,2535.594346
-14.254516,100,2538.565571
-8.625028,100,2549.750777
-12.079989,100,2552.405045
-11.094985,100,2555.134053
-0.152856,1,2555.161616
-10.881588,100,2558.043757
-1.609112,16,2558.568556
-9.56564,100,2561.537739
-13.741542,100,2573.672922
-0.154863,1,2573.701944
-13.829852,100,2576.53984
-10.059646,100,2579.455405
6.113204,41,2580.707587
-10.495488,100,2583.775952
-8.024434,92,2586.590346
-12.023791,100,2598.08353
-12.559925,100,2600.985531
-9.850784,100,2604.168149
-9.580588,100,2607.138287
-10.538208,100,2610.007628
-9.234693,84,2620.773114
-9.818633,100,2623.532286
-13.52266,100,2626.55291
-11.084222,100,2629.481928
-8.991815,100,2632.26093
-13.397061,76,2634.310866
-0.163001,1,2634.336556
-6.620218,67,2644.674159
-13.669786,100,2647.691064
-11.659676,100,2650.760691
-9.635415,100,2653.817262
-48.127643,100,2656.668902
-0.164994,1,2656.700632
-8.943505,100,2668.078751
-0.165172,1,2668.102754
-12.536553,100,2671.104651
-13.923418,100,2674.227814
-12.848154,100,2677.231397
-9.211506,100,2680.200212
-10.961981,100,2691.465739
-9.818023,100,2694.365178
-4.4056,48,2695.899208
-6.325727,52,2697.413181
-11.177852,100,2700.367828
-9.144528,100,2703.331178
-13.245702,100,2714.757287
-10.166804,100,2717.764464
-12.215011,100,2720.796875
-0.152806,1,2720.83027
-16.419892,100,2723.738811
-0.160569,1,2723.768701
-11.188661,100,2726.517779
-35.507079,100,2737.84133
-6.068814,65,2739.743038
8.575793,17,2740.236336
-0.169425,1,2740.262987
-1.709938,20,2740.8491
-10.401618,100,2744.093263
-8.783335,100,2747.123148
-4.934543,59,2748.732896
-11.521459,100,2751.592786
-13.589681,100,2762.954212
-8.789284,100,2766.110248
-1.456299,10,2766.395205
-18.894129,100,2769.317674
-9.399646,100,2772.361819
-2.566634,24,2773.028394
-57.670912,100,2775.770905
-10.111258,100,2787.287591
-11.154381,100,2790.390312
-11.943744,100,2793.424134
-9.267517,100,2796.423917
-2.927794,33,2797.462652
-2.859617,25,2798.213607
-9.743167,100,2809.813393
-12.547272,100,2812.939228
-0.159654,1,2812.973474
-9.599905,100,2816.121428
7.158502,100,2819.146829
-44.493406,100,2822.136465
-0.177176,1,2822.164844
-9.309605,100,2833.633358
-10.454432,100,2836.897982
-8.505733,100,2840.077692
-10.83602,100,2843.016126
-4.215742,46,2844.371601
-11.782874,100,2847.223952
-10.65691,100,2859.229035
7.857635,100,2862.396179
-11.129232,100,2865.424318
-10.234947,100,2868.249981
-9.188887,100,2871.2941
-1.871309,18,2871.834708
-0.150285,1,2871.875548
-9.960881,100,2883.363219
-10.808536,100,2886.609184
-8.894389,100,2889.638033
-11.488108,100,2892.650092
-49.787831,100,2895.466873
-2.884259,23,2896.13269
-10.614294,100,2907.49655
-2.668873,25,2908.215564
-0.175763,1,2908.247659
-0.17316,1,2908.277743
-9.610283,100,2911.385368
-1.362671,17,2911.850653
-12.514148,100,2914.641556
-14.714166,100,2917.370169
-17.299174,100,2920.206902
17.566484,29,2929.485641
-12.434347,100,2932.597268
-11.924481,100,2935.680455
-9.038804,100,2938.611636
-7.126966,65,2940.486273
-9.76339,100,2943.401416
-12.863201,100,2955.071738
-9.134648,100,2958.152586
-5.943125,54,2959.722752
-9.214839,100,2962.551182
-11.749381,100,2965.290409
-41.823087,100,2976.574913
-21.85429,100,2979.682318
-10.858695,100,2982.622694
-9.89724,100,2985.474794
20.088374,100,2988.176873
-8.705975,100,2999.484411
-8.342735,100,3002.405748
-2.172094,22,3003.069303
-1.091149,14,3003.511041
-14.722191,100,3006.274812
-2.834058,31,3007.165865
-10.766557,100,3010.003493
-9.427808,100,3012.995592
-9.593066,100,3024.390961
-11.607572,100,3027.1018
-10.211969,100,3029.899667
16.46742,37,3030.960769
-11.98246,100,3033.898481
7.729655,100,3036.758828
-1.013007,10,3037.042755
-11.938465,100,3048.421338
7.713482,25,3049.17245
-12.242689,100,3051.94308
-11.412747,100,3054.734714
-5.02325,44,3056.042961
-9.500246,100,3058.934916
-1.853704,19,3059.520604
-8.741828,100,3071.352896
-11.851905,100,3074.309409
-10.141685,100,3077.14357
-11.174639,100,3079.963982
-14.739331,100,3082.810242
-0.180713,1,3082.839961
-0.182245,1,3082.868841
-12.375049,100,3094.380754
-4.404766,45,3095.680958
-11.385003,100,3098.494204
-10.157537,100,3101.329981
-10.065821,100,3104.365776
-11.770695,100,3107.201358
-8.568651,100,3118.683628
-2.154638,21,3119.293167
-0.150074,1,3119.319977
-9.238823,100,3122.135408
-10.791694,100,3124.998364
-8.918025,100,3127.753479
-12.121857,100,3139.101862
-10.414314,100,3141.911732
-11.394692,100,3145.600013
-9.054623,100,3148.43894
-8.987517,100,3151.258675
-8.773241,100,3154.127815
-7.747375,100,3165.441612
-11.298692,100,3168.23719
-9.592439,100,3171.062824
-8.340597,100,3173.72766
-8.822424,100,3176.475765
-3.356657,36,3186.12055
-4.267557,100,3188.999854
-0.150094,1,3189.026676
-12.38656,100,3191.897553
-8.454098,100,3194.731601
-9.61438,100,3197.573662
-11.002652,100,3208.885041
-9.84823,100,3211.812288
-9.390013,100,3214.61231
-9.233289,100,3217.465207
-8.926645,100,3220.292706
-12.990141,100,3223.215195
-10.744421,100,3234.565231
-9.978567,100,3237.412608
-9.362263,100,3240.198632
-2.672352,35,3241.214364
-10.554285,100,3244.084687
-9.151896,100,3255.410605
-2.259361,28,3256.164124
-9.241848,100,3259.005327
-8.867986,100,3261.810905
-10.455687,100,3264.615191
-9.840614,100,3267.491991
-9.124355,100,3278.945879
-8.957994,100,3282.074084
-1.475921,15,3282.494601
-0.392604,100,3285.723584
-9.342507,100,3288.611904
-9.074972,100,3291.250418
-8.009742,100,3302.728295
-2.825562,35,3303.662349
-2.044502,22,3304.263673
-10.204884,100,3307.161642
-9.161701,100,3309.941229
-9.243559,100,3312.664228
-9.680795,100,3315.380135
-10.539467,100,3326.683806
-9.184521,100,3329.676694
-10.274814,100,3332.534456
-8.0304,100,3335.296092
-10.163874,100,3338.118346
-1.695408,22,3338.746866
-5.344687,67,3349.104154
-11.297438,100,3351.85283
-9.820013,100,3354.528405
-10.779783,100,3357.329435
-9.081723,100,3360.154311
-7.933172,100,3371.495379
-8.98812,100,3374.170982
-8.325302,100,3377.003333
-8.290193,100,3379.729823
-9.71907,100,3382.429357
20.753736,100,3393.944198
-8.476759,100,3396.775389
-9.422355,100,3399.669227
-9.019117,100,3402.489692
-10.7847,100,3405.425396
-13.165587,100,3416.77057
423.529186,100,3419.733093
9.893735,100,3422.491509
-8.497759,100,3426.312666
-8.124349,100,3429.212371
-9.95904,100,3440.649692
10.475313,100,3443.517879
-0.149511,1,3443.547094
-8.763576,100,3446.430467
287.799276,100,3449.485067
-10.177812,100,3452.35691
-3.590488,47,3453.749514
-21.244748,100,3465.140003
-11.121937,100,3468.028719
-6.343778,74,3470.182616
30.997276,100,3473.007705
-8.366059,100,3475.845151
-12.849007,100,3487.113453
-11.834002,100,3490.013219
-10.819913,100,3492.886446
-12.245889,100,3495.703282
-10.33347,100,3498.615661
-9.59912,100,3501.632249
-0.151048,1,3501.662656
-11.701686,100,3512.86094
-3.248105,41,3514.033404
-3.582326,35,3515.020268
-9.942547,91,3517.603025
-0.94811,9,3517.882499
-8.391477,100,3520.788596
-11.808508,100,3523.914711
-8.689837,100,3535.301278
-10.437731,100,3538.209981
-9.700831,100,3541.070338
-11.965718,100,3543.928199
-11.889296,100,3547.043412
-12.700025,100,3558.439654
-8.207779,100,3561.410668
-8.868091,100,3564.211101
-6.486677,77,3566.343458
-0.811169,8,3566.571315
-3.219942,34,3567.556059
897.314028,100,3570.657869
-9.660114,100,3581.959035
464.015582,100,3584.834527
-3.596608,38,3585.883999
-7.924906,100,3588.726945
-8.472379,100,3591.597724
-12.720674,100,3594.645883
-8.289807,100,3605.845882
-8.892981,100,3608.883312
-11.414443,100,3611.768447
-8.226839,100,3614.752032
-10.585495,100,3617.871062
-9.685459,100,3629.05025
-16.283298,100,3632.093063
-12.184319,100,3634.847161
-1.643185,20,3635.345158
-0.165311,1,3635.371628
-10.507455,100,3638.304286
-2.946295,34,3639.343538
-0.946013,14,3639.785417
-0.155209,1,3639.814037
-8.898977,100,3651.048436
-0.143612,1,3651.071034
10.058154,100,3653.50851
80.281154,100,3655.977156
-7.351672,100,3658.589813
-8.648556,100,3661.630976
-0.735242,9,3661.907599
1.039686,100,3673.270191
-9.677686,100,3675.787401
-11.228755,100,3678.206518
-7.948337,100,3680.580451
-8.512544,100,3683.550596
-7.935247,100,3694.983581
-41.007985,100,3697.790194
-5.453551,57,3699.214294
-7.240129,100,3701.786895
747.311513,100,3706.091619
-2.035134,26,3706.854748
-0.15121,1,3706.882671
-8.091695,100,3709.880219
5.876819,32,3719.073582
-7.924571,100,3721.533092
-0.166504,1,3721.556573
-1.368478,13,3721.888351
-0.155847,1,3721.91337
-0.149,1,3721.938175
-8.813915,100,3724.37079
-7.50825,100,3727.253211
-10.137377,100,3730.170121
-14.005935,100,3741.403609
-2.600842,23,3741.964302
-28.089861,100,3744.42698
-8.622431,100,3746.880068
0.823311,100,3749.819543
-15.16652,100,3752.861159
-11.033778,100,3763.934106
-3.403868,44,3764.99588
263.91544,100,3767.483814
-8.495917,100,3770.109719
-5.161868,59,3771.807841
-9.45579,100,3774.872029
-8.128547,100,3785.897843
-0.170152,1,3785.922035
-7.75621,96,3788.31136
3.879238,65,3789.922616
-8.333826,100,3792.928597
-0.14703,1,3792.959105
-2.307869,25,3793.714564
-2.187044,26,3794.479208
-11.050286,100,3797.488746
-8.536353,100,3808.533007
16.43541,100,3810.969764
-1.726806,23,3811.566337
-10.196788,100,3814.297813
-0.176145,1,3814.32873
-9.232945,100,3817.501541
-1.097433,11,3817.8537
88.426398,24,3818.576967
-0.175916,1,3818.606105
-9.632961,100,3821.538421
-0.007583,100,3832.421938
-9.6331,100,3834.902659
-7.800589,100,3837.687871
512.2795,100,3840.774467
-0.59004,6,3840.959634
-0.156852,1,3840.986086
-7.928147,100,3843.959208
-7.849428,100,3854.815067
-7.64602,91,3857.031211
-8.754919,100,3859.805298
-7.292705,100,3862.774929
-2.002792,25,3863.478191
-2.608433,24,3864.167471
622.359297,100,3866.898536
-7.319539,100,3877.673975
-7.261094,100,3880.084261
-9.484325,100,3882.77708
-8.388504,100,3885.680403
-8.710934,100,3888.644878
-7.29414,100,3899.646249
-14.41325,100,3902.578217
-0.149683,1,3902.608432
-8.551166,100,3905.496997
-7.264052,100,3908.293769
-9.750317,100,3911.302406
-9.706762,100,3922.410222
-11.249593,100,3925.147967
-9.521074,100,3927.883864
-0.154465,1,3927.915902
-8.026266,100,3930.928013
-10.241249,100,3933.787955
-7.205627,100,3945.034378
-0.710302,100,3947.63127
-8.134633,100,3950.4031
-9.548659,100,3953.223621
376.290971,54,3954.894961
-10.118182,100,3966.363476
11.231358,100,3969.093596
-0.149752,1,3969.124252
-8.823582,100,3971.949288
-9.667739,100,3974.61216
-18.026903,100,3977.649698
-1.08529,12,3978.008874
-7.624155,100,3990.45763
-12.073499,100,3993.227962
-7.825203,100,3996.076009
-0.150579,1,3996.101087
-8.363977,100,3998.943552
-8.385471,100,4001.918785
-2.233397,100,4004.929912
-1.435965,19,4014.033222
-5.074959,75,4015.849334
16.975121,35,4016.716506
-0.152424,1,4016.740057
18.527894,100,4019.200178
-9.336996,100,4021.567153
-10.534692,100,4024.515982
-7.510954,100,4035.892463
-8.081839,100,4038.426352
-11.941496,100,4040.803598
-0.873025,11,4041.084746
-12.376899,100,4043.535282
-9.144885,100,4046.188977
-0.150315,1,4046.216673
-3.942165,34,4047.184976
4.612115,51,4048.717614
-9.461038,100,4059.493184
-7.46808,100,4061.914798
137.72022,100,4064.33026
-11.380834,100,4066.744936
-0.152161,1,4066.769542
-0.146955,1,4066.794795
-8.856346,100,4069.647806
-10.690638,100,4080.610072
-1.947959,24,4081.225462
-6.315498,64,4083.001887
-1.943433,17,4083.478831
27.013251,34,4084.360463
-10.2121,100,4087.070136
331.610104,100,4090.014692
-10.681803,100,4101.102144
-16.173643,100,4103.505164
-10.009041,100,4105.93141
-10.209701,100,4108.445976
-1.590919,17,4108.830187
-10.910669,100,4111.24947
-8.072754,100,4122.250269
-8.690371,100,4124.719597
-7.484348,100,4127.269125
-0.146979,1,4127.300817
-7.371098,100,4130.056684
-10.134033,100,4132.621696
446.907597,100,4143.875551
-1.243077,18,4144.322102
-8.542604,100,4146.775358
-6.649789,72,4148.554049
-8.327982,100,4151.041726
-4.933003,59,4152.505129
-7.416065,100,4154.989764
-9.998906,100,4165.785434
-12.716273,100,4168.226882
-10.188142,100,4170.614814
-11.326139,100,4173.028325
-8.59921,100,4175.521768
-7.664146,100,4186.847662
-8.664964,100,4189.905753
-8.236075,100,4192.609678
-11.118709,100,4195.249808
-0.147667,1,4195.279348
-7.663666,100,4198.138708
-3.546216,49,4199.44348
-8.404468,100,4210.9238
-2.512054,24,4211.562052
-8.735218,100,4214.14924
-8.539254,100,4216.720728
-9.167793,100,4219.632741
-10.292959,100,4222.244488
-10.848833,100,4233.528883
-1.563093,18,4234.068723
7.930981,30,4234.9545
-0.146394,1,4234.985922
-8.241268,100,4237.733117
-0.978393,100,4240.277269
-8.240917,100,4242.759653
-8.537542,100,4253.913191
-8.193221,100,4258.121341
-11.224871,100,4260.744393
-9.909515,100,4263.226607
927.370182,100,4265.866417
-11.044483,100,4276.71089
-0.149451,1,4276.73919
-1.470226,18,4277.260127
-0.147581,1,4277.291811
-7.73704,100,4280.180091
-3.220748,32,4281.091289
-0.842112,11,4281.365507
-9.61203,100,4283.9541
-10.478519,100,4286.445956
-10.242193,100,4289.024172
-8.712199,100,4300.181199
-8.362398,100,4303.222739
-7.43962,100,4305.772418
-10.05904,100,4308.225767
-0.823058,10,4308.461243
-9.450071,100,4310.950711
-7.097307,100,4322.011497
-0.174992,1,4322.043423
-10.248847,100,4325.014126
-9.786482,100,4327.625242
-7.470022,100,4330.123907
-1.361135,16,4330.490727
-0.173019,1,4330.514196
-2.451482,32,4331.290146
-10.045056,100,4333.679823
-0.463862,100,4345.030447
-4.935929,100,4348.014483
-8.479033,100,4350.511824
16.628172,100,4353.052657
26.956536,37,4353.941092
-0.14469,1,4353.969464
-11.608966,100,4364.903051
-8.591611,100,4367.945588
-13.327842,100,4370.861269
-1.834294,23,4371.472658
-12.060975,100,4373.958892
-9.211273,100,4376.342699
10.463319,100,4387.306536
-10.376362,100,4390.317243
26.363664,38,4391.428038
-8.894936,100,4394.302637
-8.551499,100,4396.841709
1.851022,100,4399.256352
-0.143931,1,4399.281139
-10.216202,100,4410.517247
-8.591611,100,4413.593837
-7.830157,100,4416.460077
-7.371692,100,4418.947096
-8.059056,100,4421.428535
-1.268318,16,4421.786684
-9.629471,100,4432.847222
-0.146551,1,4432.881613
362.89659,100,4435.941159
25.974378,100,4438.920945
8.971187,100,4441.272406
6.754865,100,4443.731263
-7.720882,100,4454.660971
-7.440422,100,4457.634211
-12.558732,100,4460.615506
-0.174936,1,4460.642566
-8.860056,100,4463.292708
-9.151235,100,4465.73369
-8.23813,100,4476.623863
-8.950516,100,4479.439849
-7.420357,100,4482.376602
-7.175315,100,4485.271999
-18.738404,100,4487.638776
-7.860711,100,4498.841992
-8.349835,100,4501.764232
-7.595812,100,4504.671632
-8.102028,100,4508.01819
-7.658572,100,4510.602626
-21.021041,100,4521.665345
-7.862771,100,4524.174815
-4.858959,59,4526.63021
-11.047182,100,4529.742609
-7.396328,100,4532.562292
-8.290819,100,4535.033343
-8.698579,100,4545.976994
505.844158,100,4548.72981
-9.771628,100,4551.685706
-10.465735,100,4554.679613
-9.796632,100,4557.164692
0.367253,100,4568.025069
927.489253,100,4570.866561
-0.487763,6,4571.046859
-10.827324,100,4574.261476
-0.931301,100,4577.196213
-8.980721,100,4579.63957
-11.196379,100,4590.452013
-6.465815,55,4591.726719
-8.579519,100,4594.215902
-7.995459,100,4597.08667
-7.022494,100,4599.921892
-8.03549,100,4602.408022
-16.491896,100,4613.496808
19.346674,100,4616.233088
8.136778,23,4616.833671
-0.153777,1,4616.864383
-9.853806,100,4619.782347
-43.295547,100,4622.836705
10.684717,100,4635.012743
-10.978679,100,4637.919303
-8.80631,100,4640.797553
-9.284161,100,4643.771449
-9.221162,100,4646.635109
-10.495205,100,4649.713399
-0.154213,1,4649.742332
8.605471,17,4658.965299
-5.675407,80,4661.689859
-10.02549,100,4664.537527
-10.021128,100,4667.525459
405.480353,100,4670.65246
-8.658133,100,4673.716336
-8.577874,100,4685.073418
-8.721075,100,4688.049785
-8.349132,100,4691.015629
-7.564857,100,4694.125524
-9.659624,100,4697.090146
-8.643394,100,4709.113159
-9.728157,100,4711.763079
-8.816142,100,4715.011569
-2.13751,31,4716.022496
-9.073454,100,4718.844898
-7.414312,100,4721.794237
-8.386514,100,4732.91342
-7.644364,100,4735.386219
-7.817624,100,4737.765443
-0.147418,1,4737.786795
-0.735766,11,4738.059817
8.9725,100,4740.709869
-7.510582,100,4743.702403
-8.497818,100,4755.298528
-7.582115,100,4758.03311
-3.089906,39,4759.10028
-10.909181,100,4762.065852
-13.729521,100,4765.063536
-41.345524,100,4776.408083
-8.305277,100,4778.871834
-7.268952,100,4781.671813
-10.395823,100,4784.671264
926.86265,100,4787.704101
-0.178429,1,4787.731784
-7.758175,100,4790.636959
6.441592,42,4800.788154
110.782712,100,4803.492402
-11.334328,100,4806.058376
-10.33128,100,4809.307494
-1.037002,15,4809.663631
-9.407379,100,4812.277488
-13.936292,100,4823.260873
-9.174798,100,4825.743912
-3.075107,39,4826.690374
-7.605677,100,4829.052355
-8.276603,100,4831.481325
-7.790787,100,4833.960979
-7.536677,100,4844.9505
-1.479248,15,4845.320389
-7.010548,100,4847.809986
9.122886,12,4848.117753
-1.346899,15,4848.463022
-3.446582,50,4849.623465
-8.868906,100,4852.067709
-9.052883,100,4854.513504
-3.793581,49,4865.10183
-10.992266,100,4868.268838
-7.534937,100,4871.214558
-10.237995,100,4873.952177
-10.043715,100,4876.619729
-8.38687,100,4879.064887
-0.45485,5,4879.172725
-49.652585,100,4890.284229
-0.880988,10,4890.539011
-1.296208,15,4890.905488
-2.527914,27,4891.585634
-1.173285,14,4891.930809
-0.151861,1,4891.957743
-0.953461,13,4892.318873
-8.085262,100,4895.002752
-8.412948,100,4897.703846
-21.797242,100,4900.583308
-8.833823,100,4912.269388
-8.537898,100,4915.145884
-22.812857,100,4917.98717
-0.185808,1,4918.016353
-4.66869,62,4919.642561
-7.609244,100,4922.280133
-8.832037,100,4934.039443
-1.946179,18,4934.623065
-7.50193,100,4938.031077
-7.912549,100,4940.755495
-10.447478,100,4943.29751
-6.822992,48,4944.707989
-8.343313,100,4947.752828
-0.181939,1,4947.779531
-8.98496,100,4959.165859
21.472355,100,4962.101283
651.495287,100,4964.813997
-11.220539,100,4967.404391
-8.177813,100,4969.989509
-0.147774,1,4970.022733
-2.165473,26,4970.789055
-11.737571,100,4982.373616
-8.286216,100,4985.472877
-7.760682,100,4988.068558
-0.155311,1,4988.091735
-8.393203,100,4990.43899
-1.98545,25,4991.033294
-6.747755,100,4993.42235
-0.179684,1,4993.448601
-8.078658,100,5005.089345
-8.210836,100,5007.982618
-7.863625,100,5010.801347
-0.505996,6,5010.965318
-4.96843,60,5012.612389
-7.8066,100,5015.49824
2.138446,100,5027.046702
-11.139038,100,5029.791341
-6.919702,100,5032.6509
-6.615238,100,5035.616846
-10.089691,100,5038.31418
-8.780512,100,5049.380046
-4.158474,51,5050.886011
-10.263259,100,5053.76207
-9.680706,100,5056.68846
-0.172605,1,5056.718813
-10.847026,100,5059.519162
-7.750596,100,5062.181913
11.542325,100,5073.872135
-1.174492,16,5074.289758
-1.566835,15,5074.711094
-9.446045,100,5077.522363
-7.075674,100,5080.338633
-8.830233,100,5084.221688
-13.937899,100,5086.686908
-11.40826,100,5098.427891
-3.082088,37,5099.513306
-23.94387,100,5102.203163
-8.612083,100,5105.257946
-1.078864,13,5105.62004
-7.016655,100,5108.452918
-7.489538,100,5120.197075
-2.374833,26,5120.853066
-7.546884,100,5123.395112
-1.453114,19,5123.921774
-10.692657,100,5126.632513
-1.201428,14,5127.03921
-11.935378,100,5130.145196
-8.779747,100,5133.057946
-1.130567,15,5133.520015
-11.753619,100,5145.247433
-8.642505,100,5148.002577
-10.532099,100,5150.879102
-10.221881,100,5153.706111
-7.396712,100,5156.899798
-0.171435,1,5156.945172
-8.783515,100,5168.620345
-10.631193,100,5171.571079
-9.265437,100,5174.370358
-8.628972,100,5177.030269
17.208565,31,5177.903609
-9.137997,100,5190.569852
-7.847993,100,5193.298097
-0.675369,7,5193.487054
-9.771933,100,5196.132779
-13.957437,100,5198.922295
-1.622145,21,5199.492279
310.243888,100,5202.293833
-8.014229,100,5214.722815
-9.997526,100,5217.669593
-0.817678,13,5218.133386
-9.392266,100,5221.001362
-8.003236,100,5224.00924
-7.937686,87,5226.584248
-8.449789,100,5238.520865
-0.156841,1,5238.553661
716.009649,100,5241.594031
-7.841793,100,5244.334419
-8.2576,100,5247.476985
-8.237095,100,5250.434254
-8.485675,100,5253.413103
-0.152248,1,5262.185698
-13.678176,100,5264.953799
-0.965432,12,5265.301411
-7.429003,100,5268.44422
-0.149082,1,5268.472923
-9.596094,100,5271.296215
-0.151035,1,5271.324138
-1.0238,12,5271.666758
9.891469,100,5274.488516
-9.47436,100,5286.121368
-6.917977,100,5288.870255
10.916539,100,5291.479644
-10.010936,100,5294.512012
-0.903191,11,5294.912682
-8.832657,100,5297.750286
-6.831676,100,5308.959906
-0.153075,1,5308.989445
-7.198229,100,5312.027473
-8.78139,100,5314.6375
-8.377373,100,5317.042616
21.43261,100,5319.414451
19.043784,12,5319.695662
-8.642545,100,5331.248467
-8.205569,100,5334.098223
-12.455533,100,5337.116468
-1.214127,15,5337.559927
-2.967244,41,5338.74054
-0.147904,1,5338.775194
-4.119849,63,5340.683244
-0.149965,1,5340.709423
-8.171106,100,5343.403452
-40.219657,100,5354.923232
-3.923546,50,5356.350735
-0.970652,12,5356.692443
-0.150751,1,5356.724667
783.239771,100,5359.973161
-10.501707,100,5362.78366
-8.630225,100,5365.397908
-0.882369,8,5365.629098
-3.323261,49,5366.936836
-8.643842,100,5379.088955
-1.319723,16,5379.541619
-13.525375,100,5382.441374
21.973722,100,5385.493109
-8.444392,100,5388.230191
-0.14782,1,5388.252357
-9.161326,100,5390.935185
-2.632941,33,5391.950052
-12.821271,100,5403.772516
-9.184029,100,5406.572949
-7.13209,100,5409.429536
-5.075859,59,5411.270433
-8.816535,100,5414.018654
449.868761,100,5425.548963
-0.166014,1,5425.577515
-11.348241,100,5428.799638
-8.113412,100,5431.806306
29.217275,100,5434.886998
-9.185626,100,5437.781224
-9.481991,100,5449.360602
-8.825828,100,5452.119267
-2.375848,24,5452.716609
-8.175654,100,5455.516091
907.492902,100,5458.616968
-9.940605,100,5461.560418
-13.57631,100,5473.198453
-7.873205,100,5475.776131
-0.173216,1,5475.80658
-8.477207,100,5478.475696
-10.581877,100,5481.029198
-2.311713,32,5482.058818
-1.113154,15,5482.575388
-0.155472,1,5482.609766
710.892127,100,5485.956388
-8.90515,100,5498.008122
-8.107554,100,5500.640816
371.366295,100,5503.745068
-0.160585,1,5503.768143
-8.644589,100,5506.733763
-15.169037,100,5509.604395
-8.21279,100,5521.021174
-0.168005,1,5521.048252
-35.147277,100,5523.725197
-6.181269,82,5526.190112
-7.687377,100,5529.204747
-9.049812,100,5532.533637
-8.001996,100,5544.275078
-1.498572,20,5544.836417
-8.092366,100,5547.709373
-7.887893,100,5550.210985
-13.130192,100,5552.845562
-8.401684,100,5555.860507
72.878474,100,5567.6309
-10.142075,100,5570.606401
-7.220158,100,5573.816273
-0.176235,1,5573.84878
18.955902,10,5574.149318
3.932257,100,5577.321204
-0.953129,12,5577.641424
-0.722606,100,5580.525041
-9.069347,100,5592.183669
-47.985658,100,5594.610105
-13.236727,100,5597.533956
-7.777132,100,5600.185396
-18.191052,100,5602.70279
-11.011546,100,5614.550133
-0.151259,1,5614.577468
-7.729157,100,5617.338455
-11.458619,100,5620.205932
280.862505,100,5623.084175
-5.541043,53,5624.460599
-7.81055,100,5627.1343
12.510706,100,5638.082521
-11.327366,100,5640.50569
-1.060863,14,5640.845647
-1.3418,14,5641.191384
-10.639186,100,5643.690343
-8.851416,100,5646.243542
-6.421722,100,5648.851533
-9.57843,100,5661.444676
504.718328,100,5664.332747
-15.842442,100,5667.099989
-8.993906,100,5669.655178
-10.026542,100,5672.324019
108.642979,20,5672.848268
