#{"t_start": 1701747199.38361, "env_id": "PickUpLowLevel-v0"}
r,l,t
-50.525982,100,4.27586
-27.693455,100,7.623954
-43.833583,100,10.547443
-74.847897,100,13.523781
-42.019626,100,16.655593
-36.507245,100,28.272013
-28.611514,100,31.183467
-28.982921,100,34.021174
-40.083876,100,37.165037
-0.169255,1,37.202502
-0.171886,1,37.237909
-23.711524,100,40.32786
-0.207701,1,40.361669
-26.117283,100,52.347465
-26.353933,100,55.65453
-15.669495,100,58.829186
-35.534293,100,62.004107
-26.141934,100,65.093722
-0.179053,1,65.119903
-30.58076,100,77.353604
-20.101587,100,80.620108
-17.575818,100,83.940646
-24.436179,100,87.109018
-23.048881,100,90.186684
-17.573706,100,102.369607
-20.877395,100,105.585268
-17.506233,100,108.900554
-0.190701,1,108.935871
-0.178647,1,108.964379
-15.163929,100,112.079678
-4.291112,36,113.19248
-5.115732,37,114.29623
-22.239786,100,126.749969
-26.928983,100,129.90812
-47.892906,100,132.826749
-18.597304,100,135.874063
-0.169035,1,135.908723
-17.804248,100,139.061534
-15.185514,100,151.071182
-25.532636,100,154.290644
-22.589456,100,157.424871
-14.360401,100,160.600641
-0.188242,1,160.64114
-19.19825,100,163.805182
-16.043565,100,166.472035
-0.171391,1,166.494589
-45.463912,100,178.439558
-22.429695,100,181.490296
-28.951638,100,184.74504
-23.101804,100,187.739096
-18.810857,100,190.60842
-16.850757,100,202.635306
-26.551297,100,205.645089
-0.181016,1,205.675435
-0.180171,1,205.718378
-23.168892,100,208.967839
-18.272612,100,211.828264
-0.203349,1,211.857105
-19.728927,100,214.881286
-25.491669,100,227.051341
-61.600616,100,230.209332
-0.650884,6,230.424935
-16.882376,100,233.619673
-16.501171,100,236.727259
-17.105735,100,239.792413
-0.154785,1,239.82849
-21.061037,100,251.734772
-17.365922,100,254.990391
12.087329,89,257.705286
-24.980504,100,260.522533
-15.609593,100,263.437043
-16.411017,100,275.339814
-19.858024,100,278.374463
-26.259516,100,281.415072
-13.436101,85,284.097904
-11.673332,61,285.867986
-17.450216,100,288.677634
-18.650549,100,300.843998
-13.648867,100,304.963898
-17.508577,100,307.675393
-18.788945,100,310.686012
-15.407612,100,313.73546
-16.489914,100,325.649701
-0.444209,7,325.854521
-0.156029,1,325.880343
-19.97568,100,328.855319
-0.168488,1,328.885723
-21.218796,100,331.886335
-19.007228,100,334.675428
-14.63183,100,337.530662
-0.184272,1,337.556698
-20.848921,100,349.710018
-18.920188,100,352.860325
-15.670271,100,355.853926
-21.361352,100,358.867399
-23.91073,100,361.681993
-32.852534,100,373.837698
-15.94364,100,377.111805
-21.189997,100,380.121876
-2.211777,16,380.588279
-18.19806,100,383.355929
-1.185633,10,383.664032
-27.760042,100,386.75745
-18.889976,100,398.529485
-16.556235,100,401.852328
-0.169194,1,401.887399
-15.849564,100,405.19764
-15.08804,100,408.211518
-14.063688,100,411.25654
-14.839666,100,422.972328
-18.452659,100,426.130317
-19.812649,100,429.544878
-19.283162,100,432.493873
-21.622453,100,435.560714
-11.017649,69,446.075103
-5.469124,32,447.090983
-17.258228,100,450.374224
-21.080407,100,453.710588
-21.716343,100,456.646942
-19.023955,100,459.453944
-0.144032,1,459.484401
-22.05634,100,471.073098
-64.605197,100,474.246449
-15.254027,100,477.437372
-20.854491,100,480.285783
-20.425243,100,483.175797
-15.510866,100,495.061955
-54.162378,100,498.189476
-16.12606,100,501.426923
-17.064703,100,504.362283
-13.175088,100,507.314065
-11.032053,100,519.41022
-8.247083,59,521.450377
-18.727603,100,524.731127
-17.540635,100,527.950646
-24.202519,100,530.956067
-15.883869,100,534.233688
-13.540963,100,546.529579
-17.30669,100,549.855767
-22.433447,100,552.965306
-12.461756,100,556.233372
-17.588485,100,559.15335
-49.693021,100,570.646231
-19.433278,100,573.809203
-0.18743,1,573.843174
-14.199076,100,576.974449
-17.563661,100,579.934571
-13.480951,100,582.967483
-3.042628,26,583.701589
-0.147793,1,583.729692
-0.453214,6,583.914305
-13.357727,100,596.699795
-0.774896,7,596.959677
-15.727804,100,600.103587
-16.560529,100,604.725208
3.956976,100,607.885859
-0.145679,1,607.911106
-18.47126,100,610.771554
-5.316985,100,623.235858
-14.505397,100,626.329177
-36.896323,100,629.433135
-12.818929,100,632.435012
-15.564887,100,635.487474
-3.852407,34,636.610482
-18.048376,100,648.836031
-17.396377,100,652.072738
-15.092307,100,655.127808
-0.169313,1,655.15896
-11.503173,100,658.021264
-13.302342,100,661.180757
-19.287811,100,673.011256
-16.211386,100,676.164494
-14.28853,100,679.50274
-18.178676,100,682.704201
-0.151592,1,682.73219
-24.542335,100,685.759506
-43.95841,100,698.070747
-15.913889,100,701.221132
-16.281597,100,704.34164
-15.631622,100,707.391131
-14.452389,100,710.466663
-12.923077,100,722.02592
-3.18781,30,722.893523
-14.979283,100,726.038762
-12.927495,100,729.238469
-13.196214,100,732.340877
-7.520718,62,734.183284
-15.396082,100,746.493519
-13.112043,100,749.508089
-37.014251,100,752.551873
-16.717928,100,755.830956
-0.149184,1,755.903443
-11.351575,100,758.945442
-12.409971,100,770.812287
-10.615046,78,773.099289
-14.19686,100,776.175898
-10.645359,100,779.143679
-17.030208,100,782.253007
-14.103598,100,785.512087
-14.63556,100,797.171998
-11.392331,100,800.186226
-11.94838,100,803.273286
-0.156277,1,803.305387
-11.783548,100,806.441212
-0.143424,1,806.477174
-5.954203,100,809.555036
-0.192824,1,809.585609
-0.202848,1,809.622021
-16.626339,100,821.218736
-15.761704,100,824.258166
-12.830183,100,827.496258
-12.893628,100,830.529874
-12.698181,100,833.611059
-15.560572,100,845.335411
-0.154287,1,845.362002
-1.05468,9,845.606474
-13.851138,100,848.447941
-15.972569,100,851.512749
-15.017303,100,854.413381
-14.358638,100,857.656933
-23.468888,100,869.487876
-14.006283,100,872.179099
-0.192922,1,872.204532
-13.774499,100,875.358774
4.467872,100,878.488943
-13.550412,100,881.65113
-12.020516,100,893.63067
-15.444443,100,896.537293
-17.306124,100,899.686875
-14.08356,100,904.16839
-0.152948,1,904.194457
-1.43707,14,904.639125
-14.543986,100,907.84527
-13.777779,100,920.214684
-13.606562,100,923.321562
-12.293418,100,926.567973
-13.717355,100,929.756936
16.888551,100,933.03734
-14.711214,100,945.008384
-12.033346,100,947.942224
-0.154602,1,947.96905
-16.676652,100,951.150895
-15.843556,100,954.131223
-12.946511,100,957.209088
-12.241158,100,969.118801
-20.177602,100,971.937695
-2.667775,18,972.482688
-13.214561,100,975.514569
4.395989,100,978.60849
-13.864499,100,981.384839
-13.899682,100,992.517211
-17.169256,100,995.487292
-3.676861,100,998.501653
-13.062102,100,1001.591607
466.883548,100,1004.6701
-28.228585,100,1016.237021
-14.46652,100,1019.128709
133.511928,100,1022.242432
-0.193468,1,1022.277817
80.931549,100,1025.477697
-12.828639,100,1028.613835
-0.154159,1,1028.642806
-11.644007,100,1040.205555
-15.056594,100,1043.18792
-15.957073,100,1046.349813
-19.852443,100,1049.212292
-10.365322,100,1052.134027
-12.68151,100,1063.681674
-49.654936,100,1066.689238
-0.548946,7,1066.899229
-14.062575,100,1069.975446
-11.075372,100,1073.007441
-11.218928,85,1075.532826
-0.170573,1,1075.559326
-16.499883,100,1078.529779
-9.936308,100,1090.069938
-11.163584,100,1093.200629
-13.273228,100,1096.311278
-16.931063,100,1099.22672
-10.79639,100,1102.155062
-15.928773,100,1113.687459
-22.476656,100,1116.930691
-9.925795,100,1119.854181
-15.018839,100,1122.693107
-15.913116,100,1125.541489
-0.16285,1,1125.569174
-0.153977,1,1125.593799
-0.194726,1,1125.621128
-12.179441,100,1137.022259
-7.682625,57,1138.6342
-64.832418,100,1141.542129
-0.162194,1,1141.571444
-5.552985,51,1142.97124
-0.579831,7,1143.16444
-10.575322,100,1145.780204
-14.363471,100,1148.67907
5.981016,100,1160.428608
-5.622118,50,1161.900188
-11.651795,100,1164.935802
-2.834726,35,1165.944482
-10.77863,100,1168.709096
-12.659829,100,1171.526542
-11.267036,100,1182.83506
-0.144576,1,1182.864493
-27.067046,100,1186.070083
-10.565791,100,1189.105388
-12.599147,100,1191.913181
-2.332223,19,1192.454245
-14.716652,100,1196.027952
-22.813034,100,1207.292656
-12.224422,100,1210.26864
-0.144989,1,1210.297435
-12.13421,100,1213.132973
-12.559598,100,1215.957627
-12.095658,100,1218.94386
-1.695752,15,1219.419673
-12.498124,100,1231.211759
-11.868928,100,1234.147831
-19.50952,100,1236.962548
-11.342082,100,1239.891925
-10.668622,100,1242.79398
-3.545467,25,1243.486904
-30.920368,100,1255.052882
-18.912753,100,1257.757609
-13.640491,100,1260.648216
14.373243,100,1263.517081
-12.595239,100,1266.269416
-0.149697,1,1266.30127
-11.960737,100,1277.668959
-12.376685,100,1280.651697
-11.541007,100,1283.615817
-12.843996,100,1286.360726
-11.810644,100,1289.230485
-10.920396,100,1300.416196
-1.681745,18,1301.00025
-0.191879,1,1301.0281
-16.555847,100,1303.8992
-13.255981,100,1306.648836
-17.080632,100,1309.445894
-18.917892,100,1312.292196
-14.307459,100,1323.556145
-10.923212,100,1326.213235
-62.857539,100,1329.069344
-17.853098,100,1332.099975
-10.934033,100,1335.149892
-34.458238,100,1346.852255
-12.375331,100,1349.716771
-14.030487,100,1352.7216
-10.604827,100,1355.669439
-16.351072,100,1358.580234
-54.649791,100,1369.916569
-14.43096,100,1372.846483
-14.039274,100,1375.687394
-12.30555,100,1378.529836
46.91249,100,1381.493958
-12.286243,100,1392.877374
-13.111689,100,1395.981855
-7.286258,100,1398.797132
6.915218,100,1401.753055
-12.011018,100,1404.7071
56.515112,100,1416.182806
-13.357666,100,1418.985304
-1.439199,100,1422.141735
-0.144556,1,1422.175159
-11.618412,100,1425.199151
-20.567204,100,1428.406465
-13.103248,100,1431.501408
-14.221286,100,1442.920466
-39.635105,100,1445.941173
-49.60535,100,1448.749768
-1.333594,14,1449.130601
-10.683815,100,1452.189027
-10.8541,100,1455.384864
-1.784176,15,1464.248586
-13.182132,100,1467.018481
-16.400685,100,1469.611149
17.614843,27,1470.346063
-13.721111,100,1473.310941
-13.514417,100,1476.394809
-12.093188,100,1489.217184
-11.258207,100,1492.137298
-17.613914,100,1495.091251
-0.149557,1,1495.119368
-12.500708,100,1498.357192
-17.276999,100,1501.448042
-11.110048,100,1512.893239
-15.442595,100,1515.88021
-11.114255,100,1518.855981
-14.169348,100,1521.952554
-11.702861,100,1524.99686
-3.548136,37,1526.156321
-14.007955,100,1537.300578
-10.504368,100,1540.157594
-15.178732,100,1543.22724
-54.53801,100,1546.333177
-37.132682,100,1549.190601
-15.668114,100,1560.435706
-0.146633,1,1560.462436
-11.719453,100,1563.437905
-1.571505,100,1566.487437
-9.452232,100,1569.806975
-1.104023,10,1570.164335
3.991632,100,1573.251537
-14.349771,100,1584.846188
-14.0224,100,1588.062816
-9.537684,100,1591.311596
-12.737933,100,1594.271692
-10.805574,100,1597.230506
-23.954009,100,1608.445813
-10.959049,100,1611.482505
-1.567154,100,1614.505404
-14.482352,100,1617.440648
-5.475251,100,1620.081005
-37.321742,100,1631.271463
-0.175746,1,1631.298237
-13.135558,100,1634.360149
-2.883958,100,1637.690559
-0.160319,1,1637.72991
-8.076669,63,1639.677746
-10.088676,100,1642.533865
-0.368861,5,1642.676832
-37.993939,100,1645.718692
-9.56432,100,1657.511717
-10.266515,100,1660.604227
-20.407986,100,1663.646085
-10.119058,100,1666.546488
-11.248784,100,1669.343377
-9.702892,100,1680.670812
-13.409755,100,1683.976154
-12.565898,100,1686.893551
-10.677212,100,1689.659472
-10.147575,100,1692.402322
-11.554427,100,1703.757891
-0.148168,1,1703.789057
-12.936124,100,1706.757213
-1.257749,11,1707.077186
-1.742435,100,1709.873898
-0.160239,1,1709.900923
-9.032403,100,1712.683675
-0.154923,1,1712.713496
-10.73196,100,1715.624386
-11.054538,100,1727.17048
-9.74492,100,1730.491312
-0.453419,100,1733.350482
0.384425,100,1736.314742
-0.18638,1,1736.345036
-12.47799,100,1739.137334
-13.926557,100,1750.666215
-12.441686,100,1753.743781
-1.345451,15,1754.195423
-0.154391,1,1754.225518
159.173639,100,1757.328178
-10.539908,100,1759.990687
-34.427757,100,1762.684704
5.020985,49,1764.143463
-11.23236,100,1775.657314
-19.379016,100,1779.512421
-0.173633,1,1779.538363
401.149297,100,1782.372098
-9.407919,100,1785.285814
-8.938065,100,1788.272611
-24.029639,100,1799.506686
-12.775275,100,1802.413579
-10.254908,100,1805.356764
-12.171214,100,1808.372365
-2.790794,26,1809.170374
-1.984876,16,1809.655243
-10.867617,100,1821.072961
-9.855407,100,1823.847105
-11.606082,100,1826.6799
41.829011,100,1829.666689
-0.168211,1,1829.694411
-9.820845,100,1832.40813
-28.871849,100,1835.377242
-15.942096,100,1846.673801
-3.729513,40,1847.834056
-28.382572,100,1850.533126
-13.724626,100,1853.18632
-8.300753,100,1856.031986
-0.17097,1,1856.060618
-1.7669,15,1856.459073
-37.885581,100,1867.622754
-11.170901,100,1870.459378
-14.88235,100,1873.177397
-33.056675,100,1876.266272
-9.957785,92,1878.923514
-12.349294,100,1890.494146
-11.195608,100,1893.239934
-10.589859,100,1896.022515
6.61638,100,1898.9176
-1.237086,16,1899.353647
-0.008729,100,1902.188621
-4.588087,50,1903.744336
-11.220409,100,1915.033987
-16.050005,100,1917.928218
8.594248,100,1920.762003
775.301207,100,1923.746711
-9.64045,100,1926.799773
-11.05067,100,1938.194125
-10.941697,100,1941.071943
-14.669199,100,1943.852525
-17.360986,100,1946.691576
-10.381561,100,1949.525995
-10.135962,100,1960.828853
-12.501613,100,1963.42576
-9.425468,100,1966.445914
-12.501222,100,1969.335591
-1.237726,17,1969.835904
-9.185244,92,1972.811137
-14.029107,100,1984.116044
-10.759933,100,1986.843586
-5.046046,58,1988.494212
158.214701,100,1991.318053
-7.827483,70,1993.469507
-9.335579,100,1996.538759
-9.269128,100,2007.81483
-11.653093,100,2010.803434
-9.054881,100,2013.475548
-11.089626,100,2016.337101
236.67904,100,2019.207937
-9.524104,100,2030.470056
-11.682367,100,2033.086599
-11.433348,100,2035.813545
-11.102444,100,2038.844769
-1.020491,100,2041.820586
-10.505896,100,2053.054258
476.323505,100,2055.821162
-10.748712,100,2059.849448
0.750666,92,2062.63782
-52.485024,100,2065.702814
-11.972027,100,2077.188859
-4.25695,100,2080.174975
-20.148615,100,2083.022405
-8.261116,100,2086.078723
-10.174185,100,2089.193286
-19.282436,100,2100.523986
-12.533626,100,2103.371508
-11.131304,100,2106.314412
-8.302563,69,2108.347741
-3.302931,41,2109.530988
-8.62218,100,2112.483356
-9.917205,90,2114.885316
-2.211855,23,2123.898205
-2.655883,28,2124.636853
-1.346555,16,2125.039145
-0.150912,1,2125.063379
-0.153321,1,2125.087671
-9.312397,100,2127.772769
-8.888017,100,2130.591844
-0.168814,1,2130.620661
-5.238815,38,2131.720485
-25.57376,100,2134.698548
-8.790203,100,2137.465433
-0.169602,1,2137.496205
-8.588732,100,2148.698867
-9.275777,100,2151.664739
-10.420923,100,2154.728187
-9.678537,100,2157.801746
7.727683,100,2160.555611
-10.264516,100,2171.839996
-23.02863,100,2174.938411
-11.44196,100,2177.863851
-8.627071,100,2180.800877
-10.617605,100,2183.468606
-2.193334,27,2184.189519
-0.152871,1,2184.214958
-36.697177,100,2195.496546
-3.345339,100,2198.429972
-11.333034,100,2201.236019
-10.827695,100,2203.926101
-0.339815,4,2204.024407
-7.389337,77,2206.151928
-9.158745,100,2217.381238
-7.886165,100,2220.186698
-8.74567,100,2223.131357
-2.503156,31,2224.090865
-14.67854,100,2227.552819
-9.290654,100,2230.541352
-0.537346,100,2241.635666
85.106469,100,2244.231253
-9.663634,100,2246.765755
-1.425035,11,2247.05153
-14.548028,100,2249.833525
-47.407796,100,2252.56859
-14.367084,100,2263.269228
-11.248729,100,2265.719748
-4.41685,48,2266.877182
-1.935226,14,2267.203487
-13.136251,100,2270.1067
-0.152097,1,2270.134945
-9.159046,100,2272.914085
-8.9987,100,2283.670504
-4.273701,43,2284.837735
-10.088683,100,2287.437793
-0.147811,1,2287.46688
-5.033228,58,2289.063781
-11.270635,100,2291.913078
-5.870938,100,2294.923326
-30.068508,100,2305.838416
235.557958,100,2308.274601
-10.318845,100,2311.232211
-11.277412,100,2314.050666
-9.796261,100,2316.550001
-31.167095,100,2327.340623
-5.071323,60,2329.004713
-6.37785,80,2331.18708
-8.733265,100,2333.924673
-67.326486,100,2337.891293
-9.077206,100,2340.88214
-8.787318,100,2352.037869
-9.081283,100,2354.700316
-9.119745,100,2357.610969
-14.142509,100,2360.440337
-9.290878,100,2363.20304
-11.580655,100,2374.310827
-4.703291,56,2375.790837
-17.554887,100,2378.437132
-8.203201,100,2381.154301
-0.146109,1,2381.181939
-5.55881,58,2382.824093
-11.813065,100,2385.741864
-5.369885,68,2387.497204
-9.273171,100,2398.517955
-4.639856,41,2399.675543
-10.57463,100,2402.448694
-10.205857,100,2405.335737
-9.356641,100,2408.456767
-9.512571,100,2419.786234
1.671256,97,2422.464103
-2.941109,29,2423.259923
-7.962093,100,2425.901896
-9.246008,100,2428.925432
-9.664838,100,2431.77571
-16.798634,100,2442.94071
-9.447507,76,2444.988327
-9.786807,100,2447.45952
-10.182748,100,2450.108633
-1.630417,100,2452.896457
-43.415174,100,2464.094678
-0.156328,1,2464.124178
-9.465372,100,2466.739296
-1.212502,100,2469.270458
-8.261308,100,2472.045045
-16.375723,100,2475.0196
-8.997835,100,2478.031981
-9.677716,100,2488.979291
-3.058934,32,2489.778508
-8.776763,100,2492.460399
-33.233872,100,2495.165961
-10.438008,100,2498.177119
-8.729348,100,2509.462464
-11.634046,100,2512.275862
-9.316147,100,2514.961953
-1.870979,19,2515.415624
-8.791959,100,2517.965673
-11.505546,100,2520.654403
-8.864208,100,2531.971065
-6.960646,97,2534.928231
-8.90307,100,2537.546761
-7.872969,100,2540.08374
-1.880707,18,2540.577308
-10.793683,100,2543.383675
-7.937093,100,2554.439866
-8.617928,100,2556.965317
-4.624184,61,2558.471486
-9.427323,100,2561.035922
-8.675213,100,2563.65577
-9.035994,100,2566.478537
-9.690611,100,2577.663373
-9.87777,100,2580.297228
-15.256891,100,2582.973664
-8.519189,100,2585.721098
-11.194479,100,2588.379388
-17.535905,100,2599.79926
-12.527341,100,2602.534714
-0.179479,1,2602.563066
-10.710793,100,2605.265459
-8.338117,100,2607.942876
-1.933798,20,2608.45373
-9.404416,100,2612.183885
-0.171087,1,2612.213197
-0.155233,1,2612.239261
-3.999512,37,2621.817076
-0.963384,13,2622.164034
86.914581,100,2624.841758
-38.437603,100,2627.449164
-10.802455,100,2629.912704
-5.8115,60,2631.493561
-8.392512,100,2634.209203
-2.552839,23,2634.845235
-9.443193,100,2645.945916
-7.649075,100,2648.607697
-8.567701,100,2651.151794
-7.485168,100,2654.006469
-15.161638,100,2656.920477
-5.6531,67,2667.097374
-9.909282,100,2669.719394
-8.787336,100,2672.443589
-7.008977,85,2675.003643
-3.396765,39,2676.190352
-9.125441,100,2678.745037
-12.316898,100,2689.884997
-1.628189,19,2690.354526
-12.545034,100,2693.139001
-9.926449,100,2695.968348
-8.406891,100,2698.581077
19.982178,100,2701.191626
101.778255,100,2712.493905
-8.688784,100,2715.331008
-27.919528,100,2717.937814
-16.324947,100,2720.522286
17.656163,29,2721.26296
-7.28905,100,2724.104363
-8.440861,100,2735.355692
-9.601433,100,2738.089477
-0.143886,1,2738.118663
-12.082438,100,2740.73526
-9.243872,100,2743.427507
-10.160303,100,2746.095539
-8.923742,100,2757.292582
-8.522474,100,2759.839771
-9.587364,100,2762.709001
-10.138874,100,2765.411082
-7.671068,100,2767.771567
-7.603611,80,2778.920726
-9.062664,100,2781.629787
-3.995531,100,2784.457293
-9.606535,100,2787.213572
-2.66673,30,2788.017313
-12.626894,100,2790.683595
-5.458883,65,2800.985512
-14.638877,100,2803.873222
-9.483074,100,2806.587489
-8.58286,100,2809.393933
-7.076967,100,2812.035954
-9.731471,100,2823.069937
-11.379697,100,2825.769671
-0.169832,1,2825.798277
-0.788721,9,2826.040401
-0.16703,1,2826.066436
-9.297374,100,2828.683861
-0.147822,1,2828.711129
-0.150123,1,2828.735402
-2.152135,26,2829.359415
-2.471168,28,2830.05499
-9.469499,100,2832.625577
-32.890793,100,2835.5507
-1.273543,12,2835.873098
-9.425989,100,2847.143509
-9.99599,100,2850.03507
-3.093969,42,2851.114513
-1.103474,14,2851.514391
-11.290523,100,2854.239881
-8.040636,100,2856.93597
28.046341,27,2857.703875
-2.459027,28,2858.490995
-0.167375,1,2858.520248
-10.219175,100,2869.912641
-19.996166,100,2872.7343
-9.146065,100,2875.346975
-11.096873,100,2878.215501
-9.365847,100,2880.919588
-9.222934,100,2892.948326
-8.810391,100,2895.83409
-3.404827,44,2897.121565
-0.144819,1,2897.149544
-1.320841,18,2897.659351
-9.49624,100,2900.400513
-9.022249,100,2903.12141
876.853503,100,2914.386848
6.34302,40,2915.455416
-7.426376,100,2918.174871
-29.271473,100,2920.839628
-30.426485,100,2923.435108
-9.244664,100,2926.068875
-7.556302,100,2937.221051
-7.666166,100,2939.975039
-9.436152,100,2942.940735
-9.392899,100,2945.631256
-0.146861,1,2945.65843
-9.656501,100,2948.3606
-10.119932,100,2959.661297
-8.090777,100,2962.509098
-7.040954,100,2965.36294
-0.14767,1,2965.392409
-11.42073,100,2968.117685
-10.539026,100,2970.754314
-2.890947,100,2981.743136
-13.084401,100,2984.533473
9.742553,100,2987.3035
-7.795942,100,2990.282803
-0.147357,1,2990.31158
-9.056518,100,2992.789692
-8.736312,100,3003.799263
-0.159362,1,3003.823105
-1.840204,21,3004.334982
-8.111232,100,3007.009061
-0.151865,1,3007.038698
-11.089295,100,3009.723943
-10.998286,100,3012.796482
99.103899,100,3015.352601
-0.325628,100,3026.697882
-2.072718,22,3027.266708
-8.35283,100,3030.021314
-1.612627,100,3032.890554
-9.005719,100,3035.769144
-7.79775,100,3038.653354
1.724896,100,3049.797509
-8.203409,100,3052.370019
-0.143969,1,3052.394155
-0.969107,11,3052.687682
-3.261355,27,3053.45385
-8.768083,100,3056.286475
-0.147774,1,3056.312811
-55.525346,100,3058.956271
-10.9882,100,3061.517289
-2.204776,28,3062.205859
-8.486733,100,3073.080499
-6.821459,92,3075.517428
148.755225,100,3078.297422
-8.057018,100,3081.05369
-8.240494,100,3083.794168
-7.083893,100,3094.789057
-3.226263,39,3095.811319
-10.164049,100,3098.557731
-2.388454,31,3099.380846
-9.14597,100,3102.182673
-10.78956,100,3105.058983
-7.388582,100,3116.230556
-9.817962,100,3118.948036
-8.132522,100,3121.614997
-9.02508,100,3124.314376
-9.299,100,3127.183752
-9.410117,100,3138.843087
-7.706241,85,3141.17359
-11.4261,100,3143.70342
-9.205123,100,3146.195783
-0.158689,1,3146.217095
-10.686213,100,3148.787634
-7.523023,100,3151.51513
-9.101964,100,3162.616045
-8.775301,100,3166.324866
-9.561704,100,3168.927831
70.700479,100,3171.740395
-8.183413,88,3174.148414
-8.943837,100,3185.092022
-8.917323,100,3187.838956
-8.627096,100,3190.426944
-4.119434,46,3191.699533
-9.555413,100,3194.32101
-0.990038,13,3194.666955
-10.474928,100,3205.835993
-12.703079,100,3208.346199
-1.29353,14,3208.7191
767.100054,100,3211.218873
-9.45808,100,3213.506159
-7.87381,100,3215.926862
-8.800201,100,3226.878727
-49.421117,100,3229.63258
-8.59237,100,3232.381527
-7.666708,100,3235.18719
-4.850483,66,3237.00693
-37.547681,100,3239.663733
-8.139983,100,3250.658058
-0.14957,1,3250.683879
-9.696211,100,3253.258587
-11.071329,100,3255.993058
-8.385791,100,3258.626682
-1.388588,15,3259.050121
11.013856,100,3261.661338
-8.578574,99,3272.662964
-7.654397,100,3275.159836
-8.714706,100,3277.659136
-8.512325,100,3280.26207
-0.152185,1,3280.289078
-9.251034,100,3282.952876
-51.175672,100,3294.077708
-8.587514,100,3296.886623
10.635578,100,3299.524959
-10.433786,100,3302.022829
3.320327,82,3304.142943
-6.638728,100,3315.33217
-8.187618,100,3318.039976
-6.728367,100,3320.567398
31.328654,100,3323.34878
-9.093286,100,3326.044465
-9.487711,100,3336.991248
-0.16155,1,3337.017192
-0.164971,1,3337.041599
0.979178,100,3339.651755
-9.393784,100,3342.207968
-8.782952,100,3344.718816
-0.801824,10,3344.975629
-9.438605,100,3347.581602
-9.608745,100,3358.530525
-4.451699,58,3360.091485
-8.096183,100,3362.686131
-8.372788,100,3365.316054
-9.377313,100,3367.88147
-9.919914,100,3370.36248
-8.964641,100,3381.473265
-7.409146,84,3383.64683
-2.731002,34,3384.520447
-3.59316,45,3385.725652
-7.302907,81,3387.855705
108.688634,100,3390.365005
428.650775,100,3392.958728
-10.313753,100,3404.040057
-0.146178,1,3404.069216
-0.147068,1,3404.098074
-8.794711,100,3406.648254
-9.60113,100,3409.279724
-12.302489,100,3411.902237
259.586003,100,3414.443724
-9.880715,100,3425.259266
-6.227487,82,3427.322945
-9.046948,100,3430.689371
-2.730098,28,3431.408949
-9.795096,100,3433.98276
-9.361308,100,3436.624306
-20.509289,100,3447.899319
-1.525008,16,3448.27647
-8.674589,100,3450.784732
-8.265654,100,3453.394121
-8.274476,100,3456.006397
-10.287378,100,3458.703742
-3.55363,40,3468.120683
-8.984948,100,3470.626345
-3.607865,39,3471.653381
-0.174494,1,3471.676731
-1.328249,21,3472.196001
-7.314999,100,3474.875274
-8.02682,100,3477.565035
442.318929,100,3480.354641
-5.091191,47,3490.059627
-6.760406,100,3492.71769
32.172778,100,3495.352201
-2.026715,23,3495.958845
-9.922153,100,3498.603329
-13.423509,100,3501.207036
-8.197041,100,3512.297758
-0.180118,1,3512.322097
-7.747437,100,3515.001975
-1.525305,20,3515.543906
-10.83759,100,3518.101653
-7.531012,100,3520.740518
-10.284063,100,3523.365025
-9.973173,100,3534.293372
-9.00693,100,3536.734618
-4.529441,62,3538.307178
-8.797006,100,3540.956108
-11.873631,100,3543.424029
-3.17924,36,3544.357071
-9.629952,100,3555.708809
-10.985515,100,3558.480995
-41.818965,100,3561.108794
-8.696589,100,3563.711776
-10.417788,100,3566.291774
-4.974203,64,3567.972515
496.070189,100,3579.264905
-7.452338,100,3581.958215
-7.857047,100,3584.553357
-8.553075,100,3587.191644
-8.72358,100,3589.772945
-10.314962,100,3600.847896
110.256393,100,3603.493046
-7.893577,100,3606.147014
-10.172365,100,3608.833735
-8.879716,100,3611.325877
-10.138658,100,3622.571216
9.18835,11,3622.849157
92.215663,100,3625.380039
-2.123378,24,3625.994842
-1.790681,20,3626.49584
95.309901,55,3627.88563
-23.0572,100,3630.433636
416.926956,100,3632.996655
-6.560197,80,3643.425286
-0.147764,1,3643.45195
-9.663411,100,3646.040796
6.924384,100,3648.683172
-7.585567,100,3651.17122
-9.974557,100,3653.641055
-8.310882,100,3664.553074
-9.898652,100,3667.13301
-9.798349,100,3669.674253
-7.564238,100,3672.188891
-8.103258,100,3674.741598
-9.75404,100,3686.027494
2.328055,100,3688.766426
-9.016514,100,3691.331927
-10.659383,100,3693.873916
-9.232715,100,3697.239957
-8.211987,100,3699.722681
-9.525943,100,3710.745245
-9.270276,100,3713.402869
-9.405785,100,3715.960565
-1.439967,18,3716.407581
-6.035039,79,3718.426709
-1.045702,14,3718.797084
-10.607905,100,3721.376997
-7.610546,100,3732.480531
-7.564606,100,3735.604008
-1.977018,24,3736.308813
-10.429057,100,3738.923485
-9.270011,100,3741.602155
8.555335,100,3752.664882
-1.86801,21,3753.263621
-7.037126,100,3756.087008
-10.286808,100,3758.914047
-9.595646,100,3761.3902
-9.460788,100,3763.844399
422.268419,100,3775.133762
-7.607314,100,3777.797343
816.271424,100,3780.813967
-9.581211,100,3783.435046
-7.280969,100,3786.070994
-8.467809,100,3797.244207
-8.296234,100,3799.987959
-8.802829,100,3802.680737
-8.650579,93,3805.189086
-3.358633,29,3806.095344
-3.353895,45,3807.275552
-7.14304,100,3809.661681
-7.367397,100,3820.620772
-8.749473,100,3823.20268
-8.655313,100,3825.913452
-30.275361,100,3828.706667
-9.116492,100,3831.328684
-9.22134,100,3842.412245
-2.56064,26,3843.039274
-9.482415,100,3845.439247
-1.472357,19,3845.991468
-8.221605,100,3848.708886
-9.077667,100,3851.359964
-1.356291,18,3851.847689
-8.344022,100,3854.515606
-2.276997,23,3863.786385
-8.778722,100,3866.447219
-11.280666,100,3869.003916
-8.801258,100,3871.871723
-6.354998,85,3874.162437
96.170745,56,3875.761821
-10.693414,100,3887.321792
-6.493947,89,3889.46829
-7.124733,100,3891.807793
-8.565286,100,3894.301779
-9.262314,100,3897.183535
-9.45426,100,3908.355761
-8.494224,100,3910.847001
-0.152665,1,3910.899808
-0.14758,1,3910.941932
-9.305715,100,3913.626479
-9.494327,100,3916.251784
-9.853678,100,3918.975633
-1.085455,14,3919.377041
-9.58849,100,3930.787274
-0.148864,1,3930.810185
-7.457573,100,3933.168038
-6.669572,90,3935.276867
-11.044657,100,3937.634515
-8.219934,100,3940.403375
-8.581825,100,3952.361365
-0.152945,1,3952.387882
-7.902972,100,3954.930293
-1.132181,14,3955.290631
-11.307779,100,3957.8797
-1.682647,19,3958.345554
-2.281776,26,3958.974155
-8.450745,100,3961.366749
273.011232,100,3964.841907
-8.639523,100,3976.741655
10.511677,100,3979.442865
-8.438955,100,3982.060316
-8.861245,100,3984.46324
-11.117372,100,3986.966964
-10.131614,100,3998.145068
-9.656793,100,4000.375053
-1.39928,18,4000.789482
-8.842084,100,4003.260328
-9.043463,100,4005.70621
11.244411,100,4008.321451
-7.932585,100,4019.559731
-8.315506,100,4021.93566
-8.516576,100,4024.417379
-8.85641,100,4027.005977
-0.863678,11,4027.318194
-8.370302,100,4029.80475
82.002436,100,4041.045746
-7.432707,100,4043.589237
-8.522559,100,4045.825091
-10.103615,100,4048.004016
202.260352,100,4050.443647
-2.472866,30,4051.203789
-8.478093,100,4062.2438
-9.829792,100,4064.485528
-3.349101,49,4065.67919
-5.116388,65,4067.124035
-9.905729,100,4069.341078
-3.317103,45,4070.400622
10.464371,100,4081.653516
300.281719,100,4084.459137
-6.382047,100,4086.814569
-7.691016,100,4089.171121
-8.762959,100,4091.42708
13.946577,80,4093.302319
-0.601395,7,4093.456927
-7.909408,100,4104.683967
876.667249,100,4107.467147
-7.541151,100,4109.892432
-8.412195,100,4112.346147
-7.349011,100,4114.970327
-5.311975,66,4125.927094
-0.146708,1,4125.957495
-9.392912,100,4128.720925
404.517494,100,4131.492181
-11.751981,100,4134.104941
-8.664496,100,4136.613226
-10.380039,100,4147.632885
-9.594472,100,4150.365196
12.634004,100,4152.833573
-9.215975,100,4155.398333
-2.700302,37,4156.319146
-7.295025,100,4158.840133
222.321831,100,4170.206403
-1.810419,24,4170.889726
-4.617077,66,4172.665601
-10.448004,100,4175.545419
-7.501044,100,4177.971108
-6.478979,83,4180.103091
-8.446483,100,4191.239764
-7.044847,100,4193.996235
19.976674,100,4197.207713
-6.129057,79,4199.290868
-9.575684,100,4201.822432
-9.686712,100,4204.840597
-7.739316,100,4216.224726
-8.83867,100,4218.998998
-17.071378,100,4221.951785
-10.678271,100,4224.377855
-2.104719,25,4224.941141
-7.339093,100,4236.020395
-0.160937,1,4236.046817
-7.350302,100,4239.80362
-0.144927,1,4239.833014
199.248739,100,4242.748572
-0.15267,1,4242.779008
-5.356277,78,4244.903371
-2.308361,27,4245.684389
-8.198885,100,4248.558904
-6.483295,100,4251.154738
-9.049579,100,4262.427045
-7.891667,100,4265.079023
-5.913389,80,4267.135717
-1.209832,15,4267.524051
1.085585,100,4270.167636
-51.385914,100,4272.720857
-3.038563,31,4282.30327
-9.784163,100,4284.806905
25.467041,64,4286.554005
6.17681,44,4287.746341
-8.308096,100,4290.459523
-7.186341,100,4293.345008
-1.906807,22,4293.949492
-8.058409,100,4305.240097
-0.148749,1,4305.263768
-7.968086,100,4307.888567
-8.120864,100,4311.102634
-7.254375,93,4313.798905
-11.067774,100,4316.630327
-0.161099,1,4316.658352
-8.862626,100,4327.753906
-10.035958,100,4330.236184
-0.14922,1,4330.259983
-1.46439,18,4330.681408
-1.339319,14,4330.999147
-19.898618,100,4333.78844
-2.624313,29,4334.580275
-8.381806,100,4337.522511
-45.296194,100,4340.526888
92.017603,100,4351.729752
-11.935384,100,4353.99322
-9.676107,100,4356.700847
-9.234732,100,4359.570026
-12.814478,100,4362.258683
-0.17303,1,4362.281594
-1.619511,16,4362.643147
-9.04174,100,4373.422684
-10.691574,100,4375.761506
-7.762647,100,4378.198284
-7.671949,100,4381.348724
-8.626788,100,4384.255474
-9.256772,100,4395.735388
-9.746801,100,4398.220349
-10.13124,100,4400.899748
835.468436,100,4403.723371
-0.88547,12,4404.057451
-8.109258,100,4406.894532
11.618904,100,4417.936543
553.088969,100,4420.878652
-6.160081,100,4423.332192
-0.155835,1,4423.354745
-8.868068,96,4426.236494
-1.872932,23,4426.854969
-0.148454,1,4426.882258
-0.151959,1,4426.911478
-9.25272,100,4430.071304
-8.136322,100,4441.5387
-81.874619,100,4444.037847
-4.525814,54,4445.48072
-5.824612,74,4447.8274
-0.599384,8,4448.069709
-56.99443,100,4451.051142
-9.304485,100,4453.861371
57.996162,30,4463.408152
-9.067886,100,4466.218625
31.436825,100,4468.568151
-8.834919,100,4471.242747
-8.206699,100,4474.373073
-1.511892,20,4474.976427
-7.525399,100,4486.556638
33.219808,100,4489.171325
0.209592,100,4491.7259
-0.147085,1,4491.753713
-0.153918,1,4491.778433
3.050784,100,4494.632966
-7.944281,100,4497.440869
-1.949925,27,4498.350339
-0.1465,1,4498.382261
-23.224971,100,4510.606601
-11.478192,100,4513.287756
-12.274544,100,4517.144314
-8.381831,100,4519.930895
746.939375,100,4522.991398
656.460705,100,4534.643129
867.826265,100,4537.631617
-8.470334,100,4540.23972
-8.941831,100,4542.815991
-0.163192,1,4542.846377
-2.060295,28,4543.625472
-10.784701,100,4546.603949
836.707734,100,4558.423289
-7.892008,100,4560.814203
-10.235533,100,4563.340967
191.84646,100,4566.238654
-11.482026,100,4569.170777
-7.3763,100,4581.018144
-32.605648,100,4583.376329
-3.222852,46,4584.436824
-8.479503,100,4586.745225
-10.098269,100,4589.433473
-1.67826,26,4590.208047
-8.143251,100,4593.109288
-8.295376,100,4605.350155
-8.136479,100,4608.220708
244.082263,100,4610.782503
-2.848348,30,4611.542573
-0.144775,1,4611.570866
-1.921737,23,4612.307975
-8.275582,100,4615.415126
10.890937,100,4627.153575
-7.336896,100,4629.639238
-0.153122,1,4629.662616
-8.674448,100,4632.38559
-7.356742,100,4634.961925
-7.105082,100,4637.855758
-0.883342,9,4638.100244
-6.206278,68,4648.992391
-0.147079,1,4649.022416
-2.459484,25,4649.720621
-7.598759,100,4652.23411
-10.290756,100,4654.74171
-8.501398,100,4657.351518
-1.575378,20,4657.903097
-37.771507,100,4660.836781
-0.165089,1,4660.863424
-0.601502,6,4661.045489
429.860856,100,4672.639041
-8.501116,100,4675.277882
-7.236364,100,4677.681632
-3.581496,44,4678.691197
-1.560048,22,4679.277251
-9.368179,100,4682.139275
-6.034298,80,4684.789427
-7.991491,100,4695.950423
-7.34094,100,4698.412784
-8.828078,100,4700.820649
-7.696572,100,4703.427579
-9.378474,100,4706.70865
-0.178898,1,4706.739719
11.83645,100,4717.93028
1.10187,100,4720.843032
-0.50618,6,4720.986673
91.99962,100,4723.654503
716.737544,100,4726.246434
-9.456071,100,4728.944205
-8.461026,100,4740.375233
-10.573493,100,4743.181934
-1.800147,22,4743.709874
-0.166492,1,4743.734427
-0.165852,1,4743.762039
-0.149446,1,4743.794076
-10.896561,100,4746.310487
312.569572,100,4748.971085
-9.968692,100,4751.453409
937.453806,100,4763.053457
-3.662755,47,4764.320817
-10.770284,100,4767.074031
-31.617742,100,4769.352272
-0.898699,11,4769.605807
-1.844486,23,4770.189329
-8.753479,100,4772.802089
11.869837,100,4784.42875
252.827507,100,4786.925628
-0.893231,11,4787.168107
-8.286676,100,4789.911741
-0.148866,1,4789.947264
917.125313,100,4794.466568
-49.614321,100,4797.716802
-5.362329,73,4808.835481
895.938677,100,4811.509689
-10.694823,100,4814.077454
319.90114,100,4817.176785
-7.655951,100,4819.576551
-28.291091,100,4831.606397
917.800739,100,4834.786351
-9.24396,100,4837.589014
-0.147106,1,4837.624776
-7.313293,100,4840.614005
-8.107008,100,4843.59828
2.023479,100,4846.870936
0.060996,100,4858.69304
-59.403501,100,4861.277193
-9.308579,100,4864.144003
-2.007486,26,4864.801071
-0.143962,1,4864.821895
-2.668511,29,4865.556069
341.285163,100,4868.693914
-10.163697,100,4879.942418
-9.307691,100,4882.720349
-8.954134,100,4885.103184
-1.802772,21,4885.669614
-2.233018,27,4886.511492
-3.708304,44,4887.710448
-3.423797,38,4888.641706
-3.460369,36,4889.495213
-6.351773,80,4891.639786
-7.90254,100,4902.990424
-9.132434,100,4905.867157
-5.79321,100,4908.621003
-2.121048,24,4909.139119
-8.611424,100,4911.712762
-9.196065,100,4914.816907
-60.47183,100,4925.687297
-7.29688,100,4927.950701
-8.535128,100,4930.173973
-11.211953,100,4932.756317
-3.49648,39,4933.739393
-8.15115,100,4945.234692
-1.790227,20,4945.758122
-8.216919,100,4948.254498
-8.506237,100,4950.747175
-7.576884,100,4953.181956
18.443546,22,4953.67092
827.098041,100,4956.411047
-8.410701,100,4967.378439
-18.469277,100,4969.687417
-7.232542,100,4972.425447
-8.568179,100,4974.917487
-8.389034,100,4977.387856
918.140683,100,4988.756515
-4.898436,58,4990.019424
-6.999551,100,4992.324549
-10.231404,100,4994.770277
-59.529032,100,4997.745568
-0.147375,1,4997.768935
-2.656406,38,4998.613453
-1.93524,23,4999.191473
-1.364657,16,4999.566138
-1.658018,17,4999.987781
-0.149842,1,5000.01327
-23.122934,100,5011.394744
-8.762964,100,5013.757872
-39.399129,100,5016.545965
-0.146188,1,5016.572687
-8.966213,100,5019.230871
-5.770682,72,5021.393478
-1.099071,14,5021.745045
-10.4542,100,5032.907975
-8.922067,100,5035.597968
-12.771712,100,5038.206407
-0.146161,1,5038.236654
-6.902639,73,5040.203346
-1.949787,27,5040.94005
-16.766268,100,5043.359447
-9.306218,100,5054.496283
-40.36586,100,5057.21087
733.38833,100,5059.906902
-12.073438,100,5062.74766
887.852639,100,5066.55799
-8.386959,100,5078.166346
-2.529783,37,5079.190815
11.133269,100,5081.932329
-9.274873,100,5084.59456
48.856525,100,5087.197017
-0.944874,14,5087.523564
-11.114751,100,5089.984707
-7.882045,100,5101.62278
-8.222476,100,5104.097668
-9.310067,100,5106.806497
8.445266,18,5107.293718
896.651305,100,5109.98036
-9.580212,100,5112.469922
-41.971923,100,5123.62041
-46.212987,100,5126.650193
111.992261,100,5129.168407
-8.755579,100,5131.686409
-8.582676,100,5134.14814
-3.56452,44,5144.152734
-8.564518,100,5146.593367
-2.407284,32,5147.447585
-1.223096,17,5147.859616
-10.436138,100,5150.341356
886.863343,100,5152.761877
-3.688831,43,5153.84559
-8.19376,100,5156.247154
-2.159317,25,5165.303897
-0.154695,1,5165.330583
-6.684386,100,5167.759628
-10.144214,100,5170.149791
-8.196883,100,5172.682711
-8.277781,100,5175.091113
604.984749,100,5177.687992
-9.086824,100,5188.9637
-8.057935,100,5191.534311
-11.425655,100,5194.090981
815.077075,100,5196.924287
-5.232184,63,5198.676506
-9.478433,100,5210.345288
-8.567567,100,5213.364766
-0.913562,12,5213.672918
435.18733,100,5216.570785
-7.804349,100,5218.987444
16.334371,38,5219.951883
-11.043944,100,5222.332752
-11.26545,100,5233.824642
-0.166529,1,5233.854258
-9.463446,100,5236.663445
11.651082,100,5239.315829
-10.358969,100,5242.068757
-8.171418,100,5244.835024
-1.028064,14,5245.209223
-8.717863,100,5256.703638
-4.08073,48,5258.048198
-7.751414,100,5260.893038
-9.023732,100,5263.842462
-9.197123,100,5266.472694
-8.268392,100,5278.000106
-1.299081,19,5278.527705
-11.17454,100,5281.35284
-0.486075,100,5284.438174
-4.613345,58,5286.10262
-7.79095,100,5288.900896
-36.035512,100,5291.384851
695.688375,100,5302.834445
-8.82468,100,5305.73484
-11.099472,100,5308.718918
-7.568685,100,5311.414644
10.725266,100,5314.201182
-2.654076,35,5323.685119
-0.151155,1,5323.710755
-8.203469,100,5326.493385
-2.333009,28,5327.319794
15.822595,100,5330.05457
-1.310119,18,5330.438281
-8.309724,100,5333.036129
-9.514707,100,5335.923747
10.763791,100,5347.987348
-8.804402,100,5351.175404
-10.394349,100,5353.618016
-7.883717,100,5356.219239
-1.114614,13,5356.543798
-1.60112,18,5356.981674
-7.788647,100,5359.481531
1.749761,100,5370.957977
-8.705247,100,5373.872093
-8.999852,100,5376.667484
-0.14751,1,5376.692678
-0.827864,11,5376.949831
-11.639739,100,5379.625851
75.284322,100,5382.433607
202.229415,100,5393.960502
-8.347612,100,5396.913165
786.696718,100,5399.863774
-2.257822,27,5400.585922
-7.653186,100,5403.507446
-11.783651,100,5406.547169
-10.482238,100,5417.937413
-8.535271,100,5420.891545
-0.160956,1,5420.935865
-37.643097,100,5423.752348
-9.207298,100,5426.330309
-8.096885,100,5428.910002
-31.318234,100,5440.887332
-11.650209,100,5443.636518
-8.712291,100,5446.540317
-0.179926,1,5446.566641
-7.860178,100,5449.574299
-7.352051,100,5452.024132
-7.316017,100,5463.047754
-44.080879,100,5465.784808
103.505359,100,5468.821614
-11.360222,100,5471.655362
-8.469886,100,5474.13109
-10.561284,100,5485.418079
-10.527627,100,5487.95112
-1.382518,15,5488.399231
8.036733,20,5489.045981
-9.968381,100,5491.980093
1.475184,100,5494.611283
-0.151264,1,5494.637985
-9.889169,100,5497.238826
-42.77404,100,5508.242811
-4.959033,69,5510.070736
-8.379243,100,5513.225838
-0.147492,1,5513.253167
110.105339,100,5516.132643
2.226468,100,5518.822466
-9.540946,100,5529.927445
8.275656,22,5530.55502
-10.084005,100,5533.725622
-8.419532,100,5536.601934
-8.808392,100,5539.520743
-8.466972,100,5542.931931
-0.148111,1,5542.957002
-9.121191,100,5554.169263
-9.7978,100,5557.025846
-8.380815,100,5559.837421
-8.202841,100,5562.794662
-0.178575,1,5562.823003
-0.737127,11,5563.122483
-8.334829,100,5565.803453
-7.534067,100,5576.874863
-20.559357,100,5579.220326
-5.655383,72,5581.126204
-0.164944,1,5581.150303
856.98687,100,5584.200837
-8.541252,100,5586.944256
21.026672,100,5598.527379
-8.83767,100,5601.347746
-1.590172,22,5601.882215
-7.164385,100,5604.380279
-9.418686,100,5607.158734
867.105136,100,5610.214436
-20.827885,100,5622.017872
-9.152555,100,5625.000804
-9.071421,100,5627.41103
-11.262716,100,5630.19514
-3.24155,32,5631.100626
-9.09864,100,5634.198127
