#{"t_start": 1701402477.188701, "env_id": "ReachWithGripperHighLevel-v0"}
r,l,t
-27.819962,100,2.916383
-87.575833,100,5.505341
-89.409382,100,8.122743
-95.391036,100,10.85627
-57.448572,100,13.396835
-1.03327,8,13.639895
-58.970845,100,23.654583
-5.333621,18,24.198795
-45.955444,100,26.994773
-51.279223,100,29.668361
-66.606017,100,32.407116
-50.578445,100,42.328847
-58.3229,100,45.006029
-7.357294,31,45.864134
-57.353609,100,48.64579
-37.919105,100,51.346883
-33.188741,100,54.065548
-45.129408,100,63.974225
-11.918227,56,65.45426
-30.531032,100,67.828616
-47.654249,100,70.509032
-23.417344,100,73.114774
-32.849506,100,75.798886
-23.59566,100,85.991767
-22.276762,100,88.376667
-19.318749,100,91.009174
-24.490751,100,93.614026
-24.780089,100,96.009219
-36.79634,100,105.63121
-28.79044,100,108.100672
-22.189443,100,110.797909
-6.652469,46,112.020285
-1.247683,10,112.292948
-22.554384,100,114.948497
-9.545729,47,116.219003
-0.164499,2,116.272684
-10.165102,47,117.531101
-18.398151,100,127.433508
-0.84492,7,127.621371
-26.065153,100,130.412184
-22.800409,100,133.201333
-25.537142,100,135.817619
-21.05531,100,138.396666
-5.192294,28,146.433651
-6.245747,50,147.618868
-4.086044,27,148.259762
-7.070394,53,149.510546
-28.555585,100,152.01587
-13.039623,80,154.368614
-5.654028,29,155.073549
-17.750541,100,157.373961
-7.906604,51,158.612977
-8.868034,65,167.276485
-5.821853,42,168.362336
-9.708732,33,169.268607
-19.735253,100,171.561668
-5.928556,37,172.379562
-4.406294,32,173.113023
-13.11974,63,174.69372
-13.98404,100,177.051617
-2.091748,16,177.397588
-3.801348,19,177.821855
-8.168918,47,185.936584
-5.189956,28,186.765191
-14.634884,100,189.046356
-12.883716,100,191.251354
-12.239299,73,192.788356
-3.213178,20,193.19847
-11.055104,64,194.768497
-2.668253,18,195.244061
-0.19575,3,195.309768
-5.596253,34,196.133994
-5.208744,24,196.734865
-1.228939,8,196.943468
-0.552529,5,204.181162
-0.879106,9,204.391474
-2.038259,19,204.837886
-6.446628,45,206.072442
-3.019934,24,206.721182
-1.127104,12,207.020706
-0.16824,3,207.096313
-3.506434,19,207.585209
-0.585075,5,207.712797
-0.714679,7,207.886376
-2.911007,24,208.446566
-1.699368,13,208.760957
-0.03174,1,208.787596
-0.477182,6,208.942634
-5.565785,38,209.894395
-2.731618,25,210.549972
-1.972438,22,211.130251
-2.136464,18,211.602714
-3.704854,19,212.153744
-5.712176,39,213.089873
-0.477511,5,213.232527
-1.982932,14,213.595517
-9.715896,66,215.248256
-9.746776,53,216.702463
-0.720923,7,216.879538
-3.744524,22,224.684461
-3.371191,25,225.281659
-2.483037,14,225.605942
-2.744985,21,226.122547
-0.305413,3,226.192072
-0.584119,7,226.347443
-0.182194,2,226.394413
-9.543155,91,228.561217
-2.814726,29,229.317161
-0.098042,2,229.369506
-1.905745,16,229.779605
-3.258713,33,230.5896
-15.487309,100,232.997696
-6.605125,48,234.189517
-2.639472,21,234.715833
-1.089455,10,234.940254
-2.333295,20,235.502237
-2.444718,26,236.14284
-0.095104,2,236.19036
-3.125133,36,236.997143
-6.386476,56,245.921006
-0.456391,6,246.065483
-1.373515,13,246.357506
-4.585149,38,247.332048
-1.238583,11,247.594871
-0.305493,4,247.686432
-0.100625,2,247.735482
-0.430205,5,247.844376
-1.933476,17,248.231288
-3.733797,30,248.902675
-0.847199,8,249.07313
-0.511544,4,249.166456
-0.656937,8,249.35641
-4.448884,31,250.026717
-1.034178,10,250.249162
-1.517806,14,250.558964
-1.72091,11,250.780248
-3.758917,35,251.55733
-2.171981,20,251.985277
-6.319735,61,253.416403
-3.399821,28,254.051424
-0.556336,7,254.223502
-0.726494,6,254.369362
-0.246522,3,254.43305
-1.948267,19,254.882989
-0.513447,5,255.005384
-0.023788,1,255.028939
-1.36093,10,255.293419
-1.696578,18,255.725617
-0.105323,2,255.766553
-0.12214,2,255.806881
-0.094492,2,255.848127
-0.212576,3,255.906814
-0.782098,7,256.093697
-0.033015,1,256.113698
-1.868217,19,264.218301
-0.754957,7,264.382039
-3.949994,36,265.345806
-1.426409,15,265.675618
-1.476497,16,266.028161
-1.521417,16,266.382313
-1.07359,9,266.587389
-12.245478,100,268.816849
-1.790422,14,269.110453
-4.336627,31,269.759962
-0.137476,2,269.799435
-0.400389,5,269.911799
-0.989013,9,270.187521
-1.67957,19,270.623429
-1.61207,13,270.900159
-1.772332,17,271.319109
-0.043637,1,271.345665
-1.365871,13,271.632756
-1.414863,11,271.877392
-3.184795,28,272.555867
-0.433373,5,272.662598
-1.028313,9,272.85406
-2.500893,19,273.262769
-2.193002,23,273.731041
-0.789501,11,273.949355
-2.225307,17,274.323133
-0.722598,8,274.493215
-0.274557,4,274.575384
-4.277725,28,275.146406
-1.436955,16,275.530537
-0.741132,8,282.564155
-2.444585,21,283.00934
-0.151221,2,283.062561
-4.123306,36,283.804451
-1.791787,17,284.138942
-1.624509,19,284.519057
-4.585722,31,285.133378
-1.180989,10,285.337157
-0.504437,6,285.461496
-1.628908,13,285.743249
-0.166083,3,285.809266
-0.421036,6,285.950948
-0.669156,8,286.202198
-0.605664,6,286.336944
-1.341368,14,286.62138
-0.434568,6,286.781741
-1.452083,14,287.112559
-1.769745,13,287.376979
-0.651129,7,287.52694
-2.207812,20,287.938864
-4.723907,37,288.690008
-5.520409,47,289.628237
-1.854817,21,290.070859
-1.080081,12,290.312621
-0.780892,8,290.477167
-2.120061,23,290.937961
-0.48851,7,291.071877
-0.947054,7,291.247515
-0.414311,5,291.371892
-3.273439,33,292.174251
-0.027126,1,292.196805
-1.750268,20,292.733522
-3.444205,23,293.35425
-1.218785,13,293.626277
-0.248269,4,300.920699
-1.819922,16,301.278992
-4.224234,38,302.168291
-1.364009,10,302.411298
-0.163134,3,302.482302
-0.913718,9,302.716675
-1.285275,11,302.996108
-2.165875,17,303.409388
-0.385538,4,303.495385
-0.238715,3,303.564039
-0.442187,4,303.655178
-0.138025,2,303.698446
-0.042963,1,303.718927
-0.786292,6,303.85023
-0.221586,3,303.915975
-0.136043,2,303.96144
-0.268488,3,304.037367
-0.156174,3,304.108262
-1.274006,14,304.45297
-0.56668,7,304.600963
-0.749112,8,304.764621
-1.331808,11,305.010857
-1.021293,12,305.287511
-2.124564,19,305.678239
-0.021033,1,305.702406
-1.322647,12,305.956739
-1.205515,15,306.271001
-0.472782,5,306.37452
-0.197452,3,306.443997
-2.027345,19,306.944054
-1.728384,17,307.331356
-0.195833,3,307.39402
-0.150269,2,307.435893
-1.06131,11,307.716268
-1.167662,11,307.970446
-2.94187,20,308.455408
-2.412613,22,308.989254
-0.628282,7,309.162265
-0.523866,6,309.303713
-1.584691,12,309.563792
-0.228748,3,309.638184
-0.515539,5,309.764237
-0.117509,2,309.816016
-0.254909,3,309.888536
-1.222682,12,310.183316
-0.034684,1,310.207813
-0.608507,5,310.322982
-0.045027,1,310.347106
-0.579523,9,310.542536
-0.087416,2,310.58678
-1.056717,11,310.826339
-0.631817,7,310.969697
-0.859949,9,311.158361
-0.402295,4,311.248148
-1.995092,16,311.618221
-0.483491,6,311.781155
-2.047749,20,312.238857
-0.972976,11,312.509776
-0.140727,2,312.560073
-0.310396,4,312.659748
-0.494602,6,320.161114
-0.371674,4,320.255944
-0.971498,8,320.453916
-0.714775,7,320.621035
-0.132396,2,320.671918
-1.051523,10,320.92004
-0.046508,1,320.944664
-0.855586,8,321.184658
-0.990484,12,321.455568
-0.85734,8,321.652269
-0.609302,6,321.79243
-0.14051,2,321.843389
-0.327253,4,321.944266
-0.609919,8,322.138917
-0.031506,1,322.164306
-1.230996,12,322.463052
-1.08976,11,322.713751
-0.492941,5,322.832727
-1.03875,11,323.100919
-0.22286,3,323.17283
-0.497764,8,323.362885
-0.179859,3,323.439169
-1.298939,13,323.740944
-0.848163,9,323.939073
-0.096474,2,324.07544
-0.425878,5,324.258118
-1.09065,9,324.484149
-0.119094,2,324.533029
-1.937083,23,325.09841
-0.166221,2,325.147525
-1.413064,13,325.495068
-0.122862,2,325.543144
-1.07303,10,325.784239
-1.475642,12,326.091645
-0.089954,2,326.134111
-0.767684,8,326.3365
-0.112574,2,326.383224
-0.025904,1,326.408889
-0.882454,11,326.664437
-0.361844,6,326.805056
-1.292742,12,327.1293
-0.457692,4,327.230973
-1.420901,14,327.574049
-1.166197,9,327.768983
-0.647224,6,327.889932
-0.570272,5,328.011466
-0.811321,10,328.245692
-0.748459,7,328.415783
-0.457711,5,328.531828
-0.175362,3,328.595064
-0.223652,3,328.659067
-1.959752,18,329.06454
-0.525792,6,329.190465
-2.551425,27,329.75549
-0.244672,3,329.816631
-0.436266,5,329.913209
-1.331394,14,330.217233
-0.808251,8,330.406239
-1.339697,14,330.715167
-0.186875,3,330.790201
-0.507539,5,330.909452
-0.048582,1,330.934076
-0.894869,10,331.178187
-0.315824,3,331.242248
-0.143257,2,331.286041
-0.618316,8,331.454038
-0.791644,8,331.635598
-0.558753,5,331.748089
-0.717398,8,331.919953
-0.798523,8,332.094172
-3.006989,22,339.768219
-1.173159,10,339.980102
-1.164622,12,340.224031
-0.354606,3,340.28642
-0.109237,2,340.326623
-0.123683,2,340.371953
-0.427487,4,340.460809
-0.75047,9,340.659044
-0.312131,4,340.743536
-0.262308,3,340.807709
-0.131309,2,340.846998
-0.256349,3,340.909486
-0.048757,1,340.929955
-0.192756,3,341.002715
-0.352149,4,341.116014
-0.615727,5,341.223096
-0.581357,8,341.380238
-0.480783,5,341.488859
-0.677245,7,341.645673
-0.1771,3,341.711919
-0.114549,2,341.768744
-2.041836,13,342.105607
-0.087269,2,342.152714
-0.165039,2,342.200625
-1.102703,9,342.397827
-0.929587,12,342.655316
-0.371545,5,342.756354
-0.399779,5,342.865291
-1.337304,14,343.145432
-0.523526,5,343.246194
-0.5352,7,343.383625
-0.254915,4,343.464704
-0.330064,4,343.560042
-1.213903,13,343.886499
-1.943536,19,344.349287
-0.036057,1,344.374183
-0.417302,4,344.46093
-3.330413,27,345.137978
-0.409215,4,345.234487
-0.130437,2,345.283619
-3.307879,33,346.037306
-0.516447,7,346.210271
-0.411053,4,346.310093
-0.959135,7,346.48045
-0.624833,7,346.652944
-0.884549,9,346.86254
-0.408115,6,347.006818
-0.041431,1,347.034941
-0.312415,3,347.108576
-0.811833,10,347.353373
-1.438027,16,347.749087
-0.952251,10,348.000015
-1.529806,13,348.313744
-0.311776,3,348.385892
-2.045517,17,348.808202
-0.562625,5,348.927301
-0.372911,5,349.053742
-0.48842,5,349.174205
-0.970364,10,349.425574
-0.215548,3,349.500211
-1.45988,16,349.888236
-1.534178,17,350.307518
-0.031398,1,350.334388
-0.037489,1,350.356058
-0.889335,9,350.541231
-0.288815,3,350.59846
-0.46123,5,350.698858
-1.714928,13,350.994069
-0.389812,3,351.068065
-0.418336,5,351.190202
-0.365133,5,351.32187
-1.354413,15,359.011877
-0.290444,4,359.111421
-0.381571,4,359.205438
-1.47258,16,359.539775
-0.034248,1,359.563391
-1.277713,11,359.803566
-0.670465,7,359.957504
-4.361958,42,360.93217
-0.034981,1,360.956118
-0.370562,5,361.061867
-0.112402,2,361.107208
-1.11528,11,361.369579
-0.428235,4,361.450515
-0.484647,6,361.573663
-0.768299,9,361.750166
-0.031783,1,361.76965
-0.110272,2,361.810215
-2.037424,21,362.27285
-0.169372,2,362.317214
-0.500104,5,362.426395
-0.662361,6,362.557234
-0.988358,11,362.822148
-0.247173,3,362.890641
-1.011531,8,363.076678
-1.358232,12,363.368196
-1.310429,15,363.729203
-1.406293,12,363.977303
-0.826762,11,364.224628
-1.669426,15,364.591553
-1.692652,13,364.851324
-0.316303,4,364.950706
-0.98207,10,365.195559
-0.280358,4,365.281575
-0.399104,5,365.390255
-0.726992,9,365.581937
-1.135105,12,365.8325
-0.106041,2,365.874495
-0.565956,6,366.023904
-1.649797,17,366.382108
-0.331581,4,366.463446
-0.219583,3,366.522324
-0.673114,10,366.718997
-0.225532,3,366.778679
-0.467287,7,366.91363
-0.784796,7,367.058566
-1.330065,13,367.318477
-0.686871,7,367.462467
-0.223489,4,367.550524
-0.209499,3,367.617969
-0.272911,4,367.701487
-0.25568,3,367.76519
-0.814103,8,367.937286
-0.287124,4,368.019308
-0.407633,4,368.099621
-0.212253,3,368.15804
-0.04188,1,368.177434
-0.318132,5,368.276586
-0.040623,1,368.29837
-1.603506,13,368.566388
-0.803804,11,368.801336
-0.802199,7,368.96762
-0.330374,5,369.072719
-0.488557,6,369.192006
-0.575011,7,369.326023
-1.883969,16,369.673917
-0.483131,8,369.82989
-0.132862,2,369.870156
-0.583749,6,377.186926
-1.358034,15,377.51719
-0.098578,2,377.55885
-0.160269,2,377.59921
-0.755825,6,377.725105
-1.393113,10,377.963769
-0.349283,4,378.04819
-0.271926,4,378.129808
-0.386806,6,378.258022
-0.19585,3,378.336577
-1.071699,11,378.564804
-0.044267,1,378.587938
-0.651996,6,378.720378
-0.095902,2,378.763952
-0.262124,4,378.848707
-1.221899,13,379.129813
-0.411321,5,379.237821
-0.827132,7,379.382291
-0.225582,3,379.44362
-2.124037,17,379.805227
-0.693717,7,379.949577
-0.134191,2,379.990883
-0.904363,9,380.204164
-0.075521,2,380.246818
-0.633992,10,380.44255
-0.158253,2,380.481216
-0.041682,1,380.50029
-0.483263,6,380.621908
-0.032673,1,380.640817
-0.129233,2,380.680984
-0.111402,2,380.725956
-0.305064,4,380.809882
-0.112242,2,380.849187
-0.208567,3,380.908862
-0.103922,2,380.950299
-0.485023,7,381.090588
-0.700133,8,381.246197
-0.45411,4,381.327451
-0.595307,8,381.488221
-1.047811,10,381.682779
-0.465604,5,381.780948
-0.098094,2,381.821568
-0.631504,8,381.98101
-0.440945,4,382.060452
-2.863072,30,382.656288
-0.082072,2,382.696543
-1.806194,23,383.180302
-0.479783,7,383.327395
-0.039267,1,383.346733
-1.539453,13,383.605177
-0.763527,12,383.847501
-0.023084,1,383.894057
-0.043776,1,383.917043
-0.094471,2,384.005968
-0.290138,3,384.167646
-0.532758,6,384.347633
-0.323599,3,384.412608
-0.640766,9,384.603079
-0.468266,5,384.707925
-0.113244,2,384.747209
-0.783821,8,384.916298
-1.497716,17,385.323535
-1.164955,13,385.633818
-0.347887,4,385.753573
-1.290019,16,386.167148
-1.079511,10,386.395739
-2.516139,23,386.877374
-0.191511,3,386.940646
-0.14784,2,386.981327
-0.538273,6,387.09856
-0.515441,5,387.202802
-0.421889,4,387.282497
-0.353784,5,387.385784
-0.293286,4,387.466767
-1.243771,10,387.67313
-0.10368,2,387.713252
-1.105854,12,387.95662
-0.133641,2,387.995686
-0.676062,8,388.191655
-0.667026,7,395.404468
-0.391333,4,395.50658
-0.19903,3,395.568605
-0.378245,5,395.670631
-0.909976,8,395.882037
-0.614501,7,396.048637
-0.146866,2,396.094389
-1.227326,17,396.460063
-0.188429,3,396.530476
-0.04836,1,396.55192
-0.162285,3,396.621382
-0.724655,9,396.819468
-0.327064,4,396.90683
-0.145445,2,396.95573
-0.459215,6,397.08913
-0.947222,12,397.388966
-0.705634,9,397.573773
-0.760722,9,397.761015
-0.746281,9,397.967926
-1.0203,11,398.218932
-0.229136,3,398.293278
-0.558043,7,398.45751
-1.043739,13,398.735881
-0.389894,6,398.880366
-0.544911,6,399.021719
-0.529502,5,399.131259
-0.664763,8,399.309868
-1.116734,10,399.516928
-0.616556,7,399.654982
-0.241168,4,399.737326
-0.139451,2,399.775292
-0.029718,1,399.797154
-0.19417,3,399.855912
-0.457903,7,399.995248
-0.463127,4,400.088457
-0.092308,2,400.135895
-0.029142,1,400.157933
-0.706626,9,400.362449
-0.435043,5,400.48038
-0.474118,6,400.616761
-0.306717,4,400.70137
-0.400452,6,400.846999
-0.763492,7,401.023918
-0.356066,4,401.108653
-0.63195,7,401.254104
-0.725582,8,401.424348
-0.375443,4,401.508544
-0.287953,4,401.621647
-0.098661,2,401.662675
-0.125497,2,401.703436
-0.58851,7,401.876868
-0.348497,5,401.998825
-0.400945,5,402.122315
-0.03825,1,402.145363
-0.648535,6,402.286528
-0.347632,4,402.385243
-0.360923,6,402.527767
-0.496954,6,402.66493
-0.559953,6,402.798603
-1.63355,14,403.09641
-2.000318,18,403.489567
-0.448818,4,403.573017
-0.146092,2,403.617748
-0.767806,10,403.822195
-0.76026,10,404.039221
-0.586928,6,404.188217
-1.10551,10,404.398684
-0.693313,7,404.5732
-0.35311,4,404.668607
-0.240566,4,404.778347
-0.623115,7,404.967306
-0.107758,2,405.01802
-0.419252,4,405.116468
-0.03819,1,405.14263
-0.408665,5,405.258644
-0.46713,6,405.418657
-0.163874,2,405.464598
-0.041119,1,405.486053
-1.894172,22,405.978797
-0.17609,3,406.039892
-0.531101,6,406.164082
-0.431149,4,406.239431
-1.364629,14,406.554826
-0.508624,5,406.671081
-0.411975,4,406.764826
-0.508026,5,406.880108
-0.182541,3,414.621778
-0.500415,6,414.778689
-0.750077,8,414.976262
-0.326358,4,415.074026
-0.62303,8,415.273261
-0.510375,5,415.3964
-1.761578,16,415.76532
-0.32624,4,415.863649
-0.750607,9,416.086079
-0.281826,4,416.182317
-0.328264,4,416.298396
-0.040791,1,416.324907
-0.198699,3,416.396707
-0.080666,2,416.44636
-0.038364,1,416.470552
-0.207501,3,416.545695
-0.315092,4,416.643989
-0.685108,8,416.824256
-0.284001,3,416.896249
-0.419677,5,417.019769
-0.616364,7,417.186204
-0.440441,4,417.284778
-0.644668,7,417.455927
-1.283246,10,417.69284
-0.16199,3,417.765604
-0.114777,2,417.814941
-0.782901,11,418.077885
-0.590818,8,418.285113
-0.027298,1,418.320972
-0.52783,7,418.496717
-0.098965,2,418.545474
-1.164769,13,418.862078
-0.235184,3,418.936281
-0.877022,9,419.146806
-0.088494,2,419.187076
-0.194598,3,419.251761
-0.338737,5,419.369893
-0.818057,9,419.582672
-1.125982,12,419.872899
-1.85262,17,420.284795
-0.176931,3,420.348307
-0.324257,3,420.407538
-0.132677,2,420.446966
-0.567289,7,420.611146
-0.132396,2,420.65859
-0.798359,10,420.921231
-0.842539,9,421.141507
-1.517474,13,421.457176
-0.017896,1,421.480766
-0.521465,7,421.627381
-1.545914,15,421.9923
-0.808884,8,422.187661
-0.353657,5,422.310034
-0.580843,7,422.464768
-1.434322,16,422.789733
-0.12564,2,422.832159
-0.112453,2,422.872356
-0.980482,9,423.051807
-0.357935,4,423.12742
-0.126383,2,423.168818
-1.385063,11,423.384401
-0.725237,10,423.580402
-0.096762,2,423.626803
-0.293679,4,423.729175
-0.827616,9,423.970641
-3.133848,24,424.547029
-0.331838,5,424.652778
-0.286066,4,424.747465
-1.108465,11,425.020079
-0.144321,2,425.069309
-0.6275,8,425.265261
-0.507665,5,425.388023
-0.033516,1,425.411576
-0.46959,4,425.5093
-0.430365,4,425.604147
-1.790923,14,425.914675
-0.107566,2,425.977346
-1.56557,17,426.444882
-0.446639,6,426.588231
-0.17819,3,426.663775
-2.116619,17,434.299091
-0.941771,11,434.568915
-1.054941,11,434.893344
-0.782688,9,435.15086
-0.81473,7,435.321545
-1.313052,11,435.582429
-0.412135,4,435.679255
-0.226506,3,435.751116
-0.366518,4,435.844801
-1.752963,15,436.215006
-0.780819,10,436.459336
-0.388567,5,436.58222
-0.280479,4,436.669356
-0.843062,10,436.909296
-0.558111,6,437.073359
-0.555195,5,437.196155
-0.567885,6,437.350313
-0.353906,5,437.476663
-0.049176,1,437.500767
-0.230515,3,437.574437
-0.400211,5,437.699118
-0.242154,4,437.794485
-0.030159,1,437.819557
-0.267195,3,437.890996
-0.877124,12,438.177657
-0.377061,5,438.300996
-0.325233,5,438.422086
-0.841146,10,438.665435
-0.110706,2,438.714748
-0.025979,1,438.740704
-0.140786,2,438.789386
-0.418895,5,438.913241
-1.244751,14,439.259565
-0.100589,2,439.307333
-0.25162,3,439.38109
-0.194095,3,439.451607
-0.57518,7,439.623567
-0.557566,6,439.769156
-0.300374,4,439.86028
-0.232806,3,439.933201
-1.043321,10,440.175444
-0.156383,2,440.225838
-1.151772,11,440.461594
-0.402358,4,440.5578
-0.21228,3,440.618595
-0.152057,2,440.667207
-0.120082,2,440.71232
-0.582068,7,440.897232
-0.133978,2,440.950458
-0.576603,6,441.095837
-0.255503,4,441.187349
-1.594298,11,441.431562
-0.245718,4,441.510283
-0.558291,6,441.641143
-0.409783,4,441.724877
-0.407463,5,441.840392
-0.113607,2,441.887752
-0.24021,3,441.962705
-1.473276,14,442.303401
-0.385272,4,442.404521
-0.835791,9,442.619214
-0.463052,4,442.713775
-0.779158,9,442.975632
-0.10912,2,443.036046
-0.831908,9,443.254351
-0.201513,3,443.328125
-0.131244,2,443.37524
-0.322661,5,443.497242
-0.303362,5,443.625054
-0.28925,5,443.74138
-1.593235,16,444.24315
-0.151709,2,444.293908
-0.619655,6,444.440363
-0.695487,7,444.60899
-0.043774,1,444.632455
-0.695967,7,444.784937
-0.043466,1,444.806983
-0.92078,12,445.082373
-0.504416,7,445.267797
-0.632335,7,445.453352
-0.297037,4,445.547637
-0.151928,2,445.588658
-1.005866,11,445.827096
-0.272943,4,445.904959
-0.528738,6,446.088831
-0.254797,4,446.167032
-1.117591,13,446.424356
-0.132115,2,446.462788
-0.210363,3,453.736305
-0.773026,8,453.933837
-0.031381,1,453.959851
-0.046417,1,453.983632
-0.643919,7,454.17345
-0.355328,4,454.270021
-0.163818,2,454.319423
-0.142595,2,454.368801
-1.095224,9,454.58285
-0.413694,6,454.727961
-0.42673,4,454.828349
-0.094409,2,454.875438
-1.177428,10,455.119211
-1.187855,9,455.337384
-0.856767,11,455.621963
-0.949275,8,455.822423
-0.420817,5,455.944831
-0.306034,5,456.068856
-0.298289,4,456.168909
-0.250157,3,456.241237
-1.017301,11,456.510253
-0.316304,5,456.631368
-0.801229,7,456.79863
-0.244401,3,456.87102
-0.423303,5,457.03693
-0.42581,4,457.136049
-0.705031,7,457.307292
-0.031314,1,457.33289
-0.449893,6,457.47701
-0.399093,6,457.624873
-0.081282,2,457.674826
-0.325129,5,457.795968
-0.48731,6,457.943159
-0.151651,2,457.994148
-0.267889,3,458.068132
-1.007207,9,458.286437
-0.426466,4,458.384847
-0.074653,2,458.435415
-0.889595,7,458.619192
-0.248954,4,458.702026
-0.222542,3,458.764304
-0.186233,3,458.824685
-0.043571,1,458.847209
-0.30442,5,458.947696
-0.737737,9,459.131511
-0.149803,2,459.181367
-0.404439,5,459.302137
-0.30791,4,459.401143
-0.683507,8,459.60057
-0.201988,3,459.672781
-0.324653,4,459.771249
-0.430058,5,459.893815
-0.223226,3,459.967649
-0.040263,1,459.992528
-0.410348,4,460.092237
-0.552202,6,460.236477
-1.151066,12,460.472912
-0.122909,2,460.512929
-0.303418,3,460.571529
-0.349969,4,460.651858
-0.376518,4,460.728175
-0.605185,6,460.848634
-0.423958,4,460.928392
-0.851233,9,461.150024
-0.515289,6,461.300332
-0.274953,4,461.397462
-0.138244,2,461.445017
-0.62476,7,461.613045
-0.431319,5,461.73229
-0.708809,7,461.899189
-0.089621,2,461.94951
-0.42616,6,462.091554
-0.429137,4,462.184607
-0.86456,11,462.426217
-1.278905,13,462.799995
-0.131575,2,462.850087
-0.579856,9,463.088485
-1.491205,17,463.588041
-0.932322,11,463.85872
-0.177888,3,463.923171
-0.391479,5,464.038073
-0.218782,3,464.104204
-0.101799,2,464.143667
-0.825026,7,464.31101
-0.271421,3,464.387766
-0.52935,5,464.513923
-0.169133,2,464.56322
-0.437046,5,464.684214
-0.46079,7,464.835928
-0.084912,2,464.883655
-0.099883,2,464.933711
-0.36505,4,465.030642
-0.311326,3,465.097171
-0.662564,7,465.246325
-0.608274,6,465.368232
-0.818824,8,465.557038
-0.51819,7,465.738877
-1.210722,11,465.975252
-0.176864,2,466.016715
-0.284593,4,473.100084
-0.647968,7,473.311328
-0.573115,5,473.440762
-0.429441,6,473.583607
-0.45276,6,473.729344
-0.045173,1,473.754991
-0.031994,1,473.775756
-0.580057,7,473.925999
-1.253236,13,474.263347
-0.599086,7,474.429516
-0.227096,3,474.503268
-0.347484,5,474.655442
-0.491931,6,474.816191
-0.179044,3,474.887689
-0.464947,4,474.984458
-0.673162,6,475.131578
-0.129899,2,475.177612
-0.133736,2,475.219854
-0.363354,4,475.315019
-0.163032,2,475.363501
-0.086579,2,475.410929
-0.037849,1,475.437132
-0.592761,6,475.584781
-1.074127,13,475.920954
-0.349729,5,476.035433
-0.858545,9,476.221339
-0.115621,2,476.267854
-0.101318,2,476.319192
-0.873346,8,476.50151
-0.314885,5,476.609896
-0.29025,3,476.672382
-0.151401,2,476.713855
-0.601159,7,476.864003
-0.023304,1,476.88439
-0.685076,7,477.039844
-0.191515,3,477.10781
-0.221606,3,477.176385
-0.511572,5,477.296711
-1.206972,16,477.671405
-0.417579,5,477.78994
-0.207534,3,477.861892
-0.364206,4,477.963426
-0.199704,3,478.037332
-0.156962,2,478.090044
-0.630613,7,478.363824
-0.512214,7,478.548906
-0.421148,4,478.648628
-0.906286,10,478.896198
-0.889698,10,479.150131
-0.861829,10,479.390875
-0.627183,7,479.541647
-1.0233,10,479.745093
-0.974398,12,480.024734
-0.562501,6,480.166151
-0.178364,3,480.240703
-0.755727,9,480.45928
-0.086839,2,480.507172
-0.090503,2,480.559542
-0.201886,3,480.633817
-1.100174,9,480.852728
-0.501764,6,481.01345
-0.490276,6,481.179421
-0.111302,2,481.225799
-0.784697,8,481.421833
-0.308005,4,481.520817
-0.765389,8,481.713743
-0.834792,8,481.911559
-0.213868,3,481.982276
-0.18527,2,482.033583
-0.206739,3,482.10719
-0.301634,4,482.208034
-0.448184,4,482.309704
-0.519554,7,482.518163
-0.67284,10,482.76767
-0.442001,6,482.912471
-0.744628,8,483.109006
-0.118323,2,483.15785
-0.1419,2,483.209995
-0.029393,1,483.234418
-0.168672,3,483.310402
-0.605777,7,483.480175
-0.494406,5,483.600992
-0.164779,2,483.649832
-0.667688,9,483.872021
-0.71312,7,484.061235
-0.540747,6,484.201654
-0.483314,5,484.321199
-0.154504,3,484.394525
-0.591475,7,484.566068
-0.604639,8,484.762298
-0.779621,9,484.977252
-0.043121,1,485.00028
-0.374235,6,485.145203
-0.895856,9,485.347935
-0.415871,6,485.497576
-0.026693,1,485.524068
-1.434541,13,492.871876
-0.451745,6,492.990818
-0.73014,10,493.193046
-0.78241,7,493.33278
-0.398313,5,493.427946
-0.42332,4,493.507842
-0.458218,5,493.613331
-0.420627,5,493.717543
-0.154035,2,493.756159
-0.636641,7,493.893385
-0.104378,2,493.931969
-0.779398,7,494.082874
-0.293185,4,494.178622
-0.984203,9,494.397832
-1.20264,14,494.74535
-0.24599,3,494.820114
-0.828653,9,495.045111
-0.607167,8,495.245484
-0.636607,7,495.414566
-0.029,1,495.438779
-0.706462,7,495.610878
-0.397822,5,495.752246
-0.229726,3,495.825982
-1.070716,11,496.092735
-0.040228,1,496.114177
-1.063891,9,496.317814
-0.286476,3,496.390111
-3.29033,35,497.296243
-0.657635,6,497.439493
-0.596855,6,497.588122
-0.586863,7,497.758544
-0.789227,6,497.906095
-0.269129,3,497.979202
-0.813152,9,498.197762
-0.207624,3,498.270505
-0.844067,9,498.488972
-0.041119,1,498.513895
-0.396053,4,498.612021
-1.02917,12,498.898417
-0.196415,3,498.976908
-0.220697,3,499.047326
-0.575853,6,499.195133
-0.538302,6,499.339538
-0.978524,10,499.600664
-0.278304,3,499.6702
-1.182683,11,499.939763
-0.480667,5,500.062278
-0.214344,3,500.137867
-1.708054,13,500.457225
-0.394831,4,500.55529
-0.204449,3,500.62775
-0.820251,9,500.848029
-0.169991,2,500.899291
-0.575912,6,501.049352
-0.617591,8,501.247616
-0.269096,4,501.344438
-0.503408,5,501.467391
-1.208849,12,501.76296
-0.349346,5,501.883542
-1.257922,16,502.276661
-0.764933,8,502.492321
-0.465943,4,502.590812
-0.378529,4,502.690307
-0.328961,3,502.761047
-0.356912,5,502.885002
-0.653004,9,503.099168
-0.161479,2,503.143119
-0.878333,8,503.326512
-0.96399,10,503.573138
-0.219135,3,503.64661
-0.221236,3,503.732688
-0.550854,6,503.903897
-0.597942,6,504.246357
-0.334714,4,504.360141
-0.373844,6,504.518815
-0.207487,3,504.590271
-0.221628,4,504.686509
-0.216691,3,504.760103
-0.306335,3,504.831818
-0.884089,9,505.053361
-0.845069,11,512.465444
-0.489867,5,512.645934
-0.36631,5,512.762294
-0.125993,2,512.81263
-0.207683,3,512.885007
-0.074652,2,512.936107
-0.121479,2,512.985699
-0.138989,2,513.037998
-1.254062,10,513.280412
-0.622577,7,513.452083
-1.151518,17,513.860105
-0.413272,5,513.983275
-1.538638,18,514.433402
-0.842257,10,514.676005
-0.539965,5,514.795463
-0.088741,2,514.846041
-0.233978,3,514.916537
-1.220179,11,515.16433
-0.481479,5,515.266808
-0.121604,2,515.314029
-0.147467,2,515.360928
-0.14214,2,515.411697
-0.046914,1,515.436547
-0.12161,2,515.486879
-0.429612,6,515.631844
-0.514254,7,515.799102
-0.428316,4,515.894473
-0.023027,1,515.920069
-0.043824,1,515.943578
-0.633938,8,516.135608
-0.311719,4,516.231936
-1.31024,14,516.532647
-0.290284,3,516.607329
-1.073676,10,516.840565
-0.211757,3,516.916081
-0.214667,3,516.989943
-1.080677,11,517.258506
-0.111023,2,517.307387
-1.030999,11,517.565896
-0.54762,6,517.712331
-0.308432,4,517.808178
-0.15984,2,517.858814
-0.404573,4,517.956998
-0.269121,3,518.028919
-0.960709,11,518.298452
-1.226864,13,518.612836
-0.239335,3,518.679027
-0.396681,4,518.755427
-0.211699,3,518.818908
-0.1452,2,518.871381
-0.581287,7,519.045391
-0.380613,4,519.143151
-0.431307,5,519.26359
-0.406321,5,519.386926
-1.26927,12,519.677816
-0.206051,3,519.75277
-0.031546,1,519.776003
-1.105438,11,520.090758
-0.587441,6,520.232399
-0.785712,7,520.406311
-0.235572,4,520.525553
-0.069305,2,520.575843
-0.158821,2,520.627107
-0.225323,3,520.699639
-0.432072,4,520.796841
-0.462019,5,520.915344
-0.165319,2,520.963881
-0.032776,1,520.986775
-0.382662,4,521.082505
-0.032986,1,521.107232
-0.673003,7,521.280407
-0.462652,6,521.428715
-0.548084,5,521.549119
-0.099706,2,521.599263
-0.103671,2,521.648429
-0.253567,4,521.748229
-0.119249,2,521.79731
-0.411429,5,521.918801
-0.136746,2,521.968917
-0.029093,1,521.995942
-1.148759,9,522.203375
-0.527216,6,522.35078
-1.836659,16,522.743613
-0.811734,9,522.963808
-0.582705,6,523.109469
-0.339767,5,523.232934
-0.741836,9,523.438188
-0.590506,7,523.609635
-0.762187,7,523.775063
-0.146053,3,523.848485
-0.037503,1,523.873548
-0.669479,7,524.043046
-0.04076,1,524.067641
-0.344828,5,524.18531
-0.736035,8,524.379373
-0.337982,5,524.497877
-0.925417,9,524.681159
-0.12888,2,524.730857
-0.045972,1,524.75815
-0.555805,7,531.965699
-0.740325,9,532.142527
-0.979879,11,532.371654
-0.523141,6,532.520824
-0.515975,5,532.642546
-0.33411,4,532.739816
-0.647574,7,532.905816
-0.115561,2,532.956722
-0.395738,6,533.097628
-0.553088,7,533.266514
-0.738309,8,533.463389
-0.229628,3,533.536072
-0.154926,2,533.58592
-1.113955,13,533.944613
-0.136147,2,533.99821
-0.149025,2,534.048579
-0.441636,5,534.173741
-0.114215,2,534.224806
-0.109069,2,534.274074
-0.111154,2,534.322634
-0.446194,5,534.447511
-0.191369,3,534.522436
-0.096564,2,534.570856
-1.365516,17,534.991752
-0.134386,2,535.039872
-0.900476,9,535.260775
-0.988727,9,535.482718
-0.031782,1,535.506887
-0.240208,3,535.581537
-0.842266,9,535.820148
-0.506893,5,535.946698
-0.620286,9,536.198375
-0.112606,2,536.25243
-0.314244,5,536.393913
-0.916368,10,536.642714
-0.505423,5,536.755145
-0.1569,2,536.801568
-0.143776,2,536.840102
-0.913884,9,537.049531
-0.520217,6,537.191357
-0.386551,4,537.288538
-0.035389,1,537.312295
-0.800907,10,537.556547
-0.216688,3,537.632818
-0.316837,5,537.754959
-0.359196,5,537.878082
-0.084659,2,537.92838
-0.106007,2,537.976835
-0.26371,3,538.04986
-0.146863,2,538.096756
-0.245942,4,538.196531
-0.145165,2,538.245731
-0.158695,2,538.293505
-0.507226,4,538.388372
-0.178236,2,538.444269
-0.99172,11,538.696805
-0.626891,9,538.903513
-0.219797,3,538.979412
-0.68692,9,539.208421
-0.403149,5,539.33138
-0.690967,6,539.540585
-0.584353,6,539.691432
-0.193787,3,539.768895
-0.786248,8,539.97041
-0.120506,2,540.018205
-0.570014,7,540.191715
-0.63818,7,540.364668
-0.044669,1,540.38924
-0.345313,3,540.460192
-0.52434,7,540.632497
-0.181011,3,540.708116
-0.314294,4,540.80863
-1.105523,11,541.151466
-0.256571,3,541.225157
-0.693472,7,541.396476
-1.050245,11,541.674119
-0.899033,7,541.847618
-0.568175,7,542.017268
-0.784844,9,542.236339
-1.281059,13,542.5561
-0.436273,5,542.674961
-0.262455,5,542.79814
-0.512318,6,542.949366
-0.982353,9,543.168834
-0.115655,2,543.216916
-0.474038,5,543.340681
-1.427676,15,543.715002
-0.68651,8,543.90624
-0.376104,5,544.017681
-0.131344,2,544.067352
-0.106563,2,544.114983
-0.595717,7,544.283959
-0.624875,9,544.506591
-0.045506,1,551.788698
-0.114012,2,551.837198
-1.223236,11,552.111772
-0.816866,7,552.282299
-0.219495,3,552.354722
-0.704191,9,552.575772
-0.915601,11,552.849006
-0.751113,7,553.000578
-0.897054,9,553.193749
-0.131266,2,553.242402
-0.353015,5,553.366131
-0.300364,4,553.460716
-0.40554,5,553.583106
-0.25709,3,553.652757
-1.077489,12,553.943267
-1.106362,9,554.178461
-1.48374,11,554.48042
-0.1932,3,554.562771
-0.551468,6,554.71146
-1.414424,13,555.017317
-0.299057,3,555.090535
-0.472335,7,555.260284
-0.336039,5,555.38403
-0.949178,12,555.677936
-0.982981,8,555.878411
-0.193962,3,555.951327
-0.104176,2,556.000302
-0.410731,5,556.114884
-0.538494,8,556.276655
-0.360711,5,556.390348
-0.098707,2,556.431682
-0.367734,5,556.556583
-0.814413,11,556.845753
-0.274105,3,556.91116
-0.459039,5,557.049775
-0.258192,4,557.136423
-0.512383,7,557.299151
-0.49767,6,557.444634
-0.114598,2,557.491077
-0.640408,9,557.71952
-0.211612,3,557.81721
-0.133698,3,557.900272
-0.047219,1,557.928059
-0.139671,2,557.979091
-0.097149,2,558.02869
-0.633873,6,558.180569
-0.236354,4,558.279348
-1.074463,9,558.519005
-0.281827,3,558.592374
-0.187319,3,558.669183
-0.13373,2,558.716974
-0.209167,3,558.777677
-1.678939,16,559.151073
-0.409783,5,559.272362
-0.088511,2,559.321844
-1.161057,11,559.587402
-0.194523,3,559.662894
-0.716618,7,559.834082
-0.345252,4,559.927701
-0.524114,7,560.099665
-0.615241,6,560.261719
-0.044944,1,560.287147
-0.633554,6,560.433782
-0.532665,6,560.582592
-0.442511,5,560.706529
-0.15828,2,560.753691
-0.497897,7,560.928454
-0.158624,3,561.002478
-0.520423,7,561.164256
-0.301101,4,561.24499
-1.257071,11,561.501927
-0.346445,5,561.623131
-1.003667,10,561.868545
-0.123398,2,561.916952
-0.566953,7,562.0894
-0.349641,4,562.187474
-0.112464,2,562.233968
-0.282256,4,562.333929
-0.771556,9,562.552445
-0.207949,3,562.626651
-0.250197,3,562.698429
-0.398851,5,562.813136
-0.269769,5,562.931992
-0.200807,3,563.007245
-0.219031,3,563.078847
-0.569385,7,563.250384
-0.299651,3,563.325483
-1.540181,14,563.666596
-0.42182,6,563.814743
-0.205849,3,563.890054
-0.488434,7,564.138993
-0.212119,3,564.215355
-1.234854,11,572.135943
-0.217178,3,572.210588
-1.357124,14,572.557228
-0.502405,7,572.727272
-0.095611,2,572.781988
-1.107327,9,573.014084
-0.123544,2,573.063911
-0.076584,2,573.114398
-0.049049,1,573.13782
-0.586719,7,573.306674
-0.15782,2,573.354825
-0.404403,4,573.455288
-0.347231,5,573.580574
-0.143338,2,573.630894
-0.212669,3,573.703116
-0.388688,6,573.853021
-0.128687,2,573.902061
-0.04591,1,573.927144
-0.685433,7,574.127573
-0.264639,4,574.226018
-1.01033,9,574.446048
-1.092871,11,574.713279
-0.091235,2,574.759245
-0.225454,3,574.823609
-0.514018,6,574.952363
-0.020138,1,574.972683
-0.279865,4,575.055666
-0.104402,2,575.094931
-0.018997,1,575.117741
-0.318875,5,575.253055
-0.03846,1,575.276559
-0.03556,1,575.299512
-0.243232,3,575.374226
-0.581069,6,575.503592
-1.129766,11,575.734689
-0.298738,3,575.828851
-0.168541,2,575.871485
-0.62075,7,576.018551
-0.704515,9,576.202444
-0.168337,2,576.244203
-0.133031,2,576.285087
-0.136682,2,576.328347
-0.149676,2,576.371795
-1.105989,9,576.561121
-0.304751,3,576.622401
-0.130391,2,576.663164
-0.938717,11,576.897369
-0.281892,4,576.981051
-0.135824,2,577.024413
-0.639092,7,577.171647
-0.031374,1,577.190566
-0.3247,4,577.277875
-0.265399,3,577.342516
-0.113673,2,577.384224
-0.083979,2,577.427836
-0.433052,6,577.551994
-0.722705,9,577.73761
-0.174259,3,577.798433
-0.216931,3,577.862115
-0.415243,5,577.969098
-0.048028,1,577.989464
-0.139868,2,578.031267
-0.080434,2,578.073752
-0.242889,3,578.134474
-0.017305,1,578.155508
-0.028067,1,578.175795
-0.255462,4,578.258224
-0.089175,2,578.321703
-0.320117,4,578.408606
-0.854939,8,578.576877
-1.325787,15,578.887404
-0.205165,3,578.959754
-1.13539,10,579.209349
-0.123222,2,579.251132
-0.261563,3,579.3157
-1.03805,10,579.522144
-0.110226,2,579.565559
-0.133846,2,579.606713
-0.151327,3,579.670015
-0.129248,2,579.711624
-0.452515,7,579.856029
-0.963274,10,580.063119
-1.280591,11,580.291128
-0.230017,3,580.352596
-0.475809,6,580.475379
-0.142441,2,580.518165
-0.255139,3,580.582982
-0.570988,7,580.754013
-0.1329,2,580.804167
-0.08453,2,580.851486
-0.524763,7,581.06534
-0.170635,2,581.111014
-0.245249,3,581.176856
-0.176431,3,581.240478
-1.402067,13,581.507564
-0.306999,4,581.590162
-0.235616,3,581.654131
-0.551921,7,581.81992
-0.338704,4,581.919841
-0.467329,4,582.017242
-0.492748,6,582.161411
-0.033214,1,582.185013
-0.345194,4,582.283082
-0.729872,7,582.451797
-0.273229,4,582.54818
-0.505386,6,582.695299
-0.33639,4,582.792268
-0.160301,2,582.841919
-0.195356,3,582.914909
-0.491013,5,583.034665
-0.857264,8,583.227999
-0.387456,4,583.326223
-0.320079,5,583.444044
-0.03002,1,583.47083
-0.08405,2,583.517777
-0.900479,9,590.936404
-0.97255,12,591.23015
-0.193565,3,591.301925
-0.526341,4,591.400901
-0.342203,3,591.473186
-0.082073,2,591.521279
-0.207874,3,591.593651
-0.477335,6,591.734985
-0.227948,4,591.818843
-0.898533,7,591.98704
-0.222602,3,592.083523
-0.670392,9,592.299847
-0.315003,4,592.398641
-1.090615,10,592.644216
-0.751301,7,592.80092
-0.880872,9,592.996712
-0.115248,2,593.039687
-1.255061,11,593.270643
-0.091375,2,593.312026
-0.12057,2,593.354708
-0.405458,5,593.460019
-0.106376,2,593.501227
-0.29821,4,593.583909
-0.458972,5,593.688069
-0.113492,2,593.729972
-0.221008,3,593.791383
-0.255938,3,593.852796
-0.22929,3,593.916076
-0.567904,6,594.041879
-0.666491,6,594.224418
-0.188795,3,594.29891
-0.753599,8,594.500795
-1.160757,12,594.798393
-0.149921,2,594.849277
-0.200962,3,594.921742
-0.381125,5,595.045893
-0.219416,3,595.11746
-0.274374,3,595.182234
-0.277626,3,595.245717
-0.04852,1,595.271845
-0.264002,3,595.348514
-0.45984,5,595.468759
-0.248038,4,595.606351
-0.324705,3,595.685881
-1.23425,10,595.931922
-1.311518,13,596.255834
-0.985304,9,596.45686
-0.309289,4,596.556195
-1.259272,11,596.82542
-0.469437,4,596.922002
-0.163967,2,596.97252
-0.078828,2,597.02134
-0.251209,4,597.115798
-0.360727,4,597.212395
-0.34086,5,597.343345
-0.423337,5,597.468286
-0.381848,4,597.571016
-0.133938,2,597.622463
-0.279067,4,597.722506
-0.107445,2,597.772632
-0.437769,5,597.896146
-0.468828,6,598.043369
-0.213747,3,598.110287
-0.426758,4,598.19523
-0.737752,7,598.369061
-0.111461,2,598.420074
-0.445309,5,598.541039
-1.133337,12,598.834292
-0.038307,1,598.858322
-0.164202,3,598.932921
-0.142838,3,599.006276
-0.092024,2,599.057633
-0.717494,10,599.299919
-0.311421,4,599.401261
-0.144141,3,599.472336
-1.114468,10,599.710516
-0.767282,8,599.905971
-0.227089,3,599.981843
-0.964726,10,600.228148
-0.290816,3,600.302682
-0.120748,2,600.352177
-0.429522,6,600.498496
-0.240422,3,600.574161
-0.121629,2,600.623841
-0.700224,8,600.822197
-0.77709,7,600.994873
-0.091677,2,601.036169
-0.214549,3,601.109237
-0.423965,4,601.209021
-0.501961,7,601.381845
-0.095768,2,601.429659
-1.16959,11,601.696205
-0.103056,2,601.753197
-0.136779,2,601.832785
-0.040519,1,601.864604
-0.506091,7,602.043195
-0.419924,6,602.225526
-1.771788,15,602.648292
-0.281721,4,602.73656
-0.930187,10,602.962111
-0.110876,2,603.01128
-0.177759,3,603.082621
-0.976392,9,603.302794
-0.61953,8,610.855582
-0.150886,2,610.906164
-0.573332,7,611.162955
-0.044105,1,611.187457
-1.262325,12,611.482498
-0.043362,1,611.506367
-0.706279,9,611.704527
-0.155138,2,611.746985
-0.493356,5,611.854775
-0.040022,1,611.878715
-0.665365,6,612.006775
-0.136934,2,612.047726
-0.175772,3,612.110093
-0.485645,4,612.188494
-0.298799,4,612.265022
-0.031182,1,612.285516
-1.532929,14,612.598424
-0.249046,3,612.66699
-0.348366,5,612.782745
-0.806778,12,613.063698
-0.41968,5,613.161642
-0.648699,7,613.298768
-0.160933,2,613.337789
-0.93159,12,613.64266
-0.222654,3,613.715637
-0.467605,5,613.832519
-1.324012,12,614.092034
-0.118472,2,614.137137
-0.506456,7,614.275777
-0.207436,3,614.336588
-1.531164,14,614.613655
-0.170565,2,614.653074
-0.262337,3,614.712132
-0.140602,2,614.75385
-0.09656,2,614.793293
-0.119317,2,614.830706
-0.047195,1,614.852747
-0.360176,3,614.91077
-0.083016,2,614.953422
-0.208621,3,615.019688
-0.027477,1,615.041129
-0.047184,1,615.065194
-0.799306,9,615.266864
-0.136719,3,615.335797
-0.214134,3,615.401145
-1.018413,9,615.646902
-0.60742,7,615.826131
-0.547175,5,615.951442
-0.162507,3,616.025174
-0.198296,3,616.095883
-0.383844,5,616.232471
-0.200753,3,616.308652
-0.700758,8,616.505884
-0.041347,1,616.529722
-1.725422,13,616.84197
-0.886966,8,617.044554
-0.253192,3,617.119284
-0.926796,8,617.322997
-0.353645,4,617.423855
-0.304091,4,617.525544
-0.035805,1,617.55114
-0.391029,5,617.690386
-0.138726,2,617.742532
-0.485508,5,617.855597
-0.316537,5,617.96946
-0.236646,3,618.040793
-0.199416,3,618.117636
-0.152087,3,618.192476
-0.44562,5,618.313282
-0.215769,3,618.389448
-0.20517,3,618.460578
-0.543027,6,618.608619
-0.342227,4,618.702099
-0.250577,3,618.770915
-0.416281,5,618.879775
-0.297872,5,619.027398
-1.013021,9,619.275737
-1.278258,11,619.527815
-0.221689,3,619.595626
-0.206173,3,619.69949
-0.03762,1,619.724562
-0.195963,3,619.800845
-1.15643,11,620.067971
-0.015937,1,620.090697
-0.240188,3,620.159112
-0.983622,9,620.399428
-0.71464,9,620.615066
-0.026118,1,620.639206
-0.772234,7,620.811147
-0.213003,3,620.885352
-0.989332,12,621.260762
-0.210008,3,621.330815
-1.026452,10,621.53533
-1.471896,11,621.807743
-0.936785,9,621.985612
-0.518235,6,622.111236
-0.217811,3,622.183079
-0.460314,4,622.279829
-0.224792,3,622.346677
-0.421903,6,622.473548
-0.162796,2,622.512136
-0.500062,6,622.645639
-1.142624,11,630.233823
-1.276761,14,630.552368
-1.170461,10,630.778483
-0.039527,1,630.799795
-1.340044,11,631.079957
-0.331679,4,631.17091
-0.460575,6,631.294653
-0.474157,5,631.403016
-0.305887,4,631.492903
-0.112678,2,631.540465
-0.232069,3,631.609609
-0.289675,3,631.673057
-0.044933,1,631.693811
-0.803013,9,631.892898
-0.458044,4,631.976962
-0.185914,3,632.046513
-0.907566,9,632.234539
-0.661607,7,632.40866
-0.411619,6,632.536723
-0.655053,8,632.707913
-0.103552,2,632.751296
-0.217151,3,632.811771
-0.134509,2,632.851369
-0.244962,4,632.927957
-0.414542,4,633.013849
-0.088334,2,633.063139
-0.111327,2,633.112219
-0.359395,5,633.265219
-0.889508,11,633.532134
-0.273005,3,633.601579
-0.039783,1,633.620948
-1.318422,12,633.931149
-0.111329,2,633.982294
-0.617483,7,634.152505
-0.140563,2,634.203719
-0.167351,2,634.252726
-0.340997,3,634.324705
-0.322836,5,634.446321
-0.073,2,634.494492
-0.15554,2,634.54125
-0.67758,7,634.684584
-1.019252,11,634.918276
-0.139931,2,634.964482
-0.165884,2,635.005707
-0.22567,3,635.065436
-0.441183,4,635.154693
-0.710838,8,635.3945
-0.163627,3,635.457078
-0.15638,2,635.493848
-0.192815,3,635.552434
-0.294879,4,635.629368
-0.245508,3,635.689063
-0.280107,3,635.749205
-0.226433,3,635.810491
-0.046351,1,635.828818
-0.231047,3,635.891211
-0.508069,5,635.994629
-0.348518,4,636.079158
-0.252402,3,636.158573
-0.181144,3,636.232958
-0.107352,2,636.281195
-0.143984,2,636.330132
-0.807868,8,636.522509
-1.464479,13,636.856075
-0.800222,8,637.057264
-0.423246,6,637.204161
-0.036714,1,637.228984
-1.331382,12,637.522763
-0.541662,6,637.673051
-0.850431,10,637.916791
-0.223986,3,637.991482
-0.115307,2,638.038845
-0.186671,3,638.109133
-0.043859,1,638.13138
-0.491939,6,638.2606
-0.259071,3,638.321322
-0.396537,4,638.402436
-0.049574,1,638.422298
-0.333013,5,638.525562
-0.617153,7,638.702215
-0.539362,6,638.853669
-0.103407,2,638.899396
-0.257536,3,638.963815
-0.266674,3,639.029376
-0.954703,10,639.257845
-0.410775,5,639.368386
-0.609624,6,639.522169
-0.038589,1,639.546446
-0.155171,2,639.595509
-0.572259,7,639.754138
-0.130879,2,639.797573
-1.285201,11,640.038974
-0.408906,4,640.123578
-0.946497,8,640.328935
-0.096046,2,640.373033
-0.326079,3,640.438462
-0.404494,6,640.569847
-0.520859,5,640.686718
-0.5031,6,640.8185
-0.560218,6,640.940102
-0.301782,4,641.040746
-0.217106,3,641.114374
-0.693865,7,641.266245
-0.249091,4,641.378014
-0.858484,9,641.564489
-0.038953,1,641.589283
-0.409685,4,641.676644
-0.295541,3,641.742769
-0.284486,5,641.852155
-0.346648,5,641.965917
-0.64134,7,649.303559
-0.089913,2,649.353455
-0.227008,3,649.425653
-0.33768,5,649.543401
-0.024625,1,649.563908
-0.117304,2,649.605408
-0.108134,2,649.646091
-0.370658,5,649.768314
-0.758952,9,649.990426
-0.313132,4,650.090908
-0.158943,3,650.165557
-0.733702,10,650.430029
-0.13789,2,650.478695
-0.151889,3,650.546604
-0.496487,6,650.681146
-0.367094,5,650.80623
-0.180393,2,650.855492
-0.112692,2,650.899288
-0.109459,2,650.945788
-0.469512,7,651.099671
-0.797284,9,651.292569
-0.170452,3,651.358074
-0.60459,7,651.507815
-0.703234,7,651.653104
-0.544539,7,651.791806
-0.200877,3,651.849421
-0.049707,1,651.868602
-0.408654,6,651.994154
-0.311745,4,652.070873
-0.476452,7,652.239249
-0.092425,2,652.277156
-0.772849,7,652.417445
-0.816468,8,652.57289
-0.116574,2,652.614982
-0.363348,5,652.715618
-0.653311,7,652.855016
-1.077876,10,653.101977
-0.368466,4,653.182782
-0.213467,3,653.244192
-0.158675,2,653.285354
-0.732962,8,653.441011
-0.564422,6,653.586529
-0.417653,5,653.721731
-0.16659,3,653.780724
-0.273912,4,653.862173
-0.219736,3,653.924097
-0.499207,5,654.034018
-0.168282,2,654.077012
-0.193658,3,654.14423
-0.191178,3,654.239474
-0.501613,6,654.393469
-0.098038,2,654.448074
-0.166817,2,654.496374
-0.285088,3,654.5696
-0.913604,9,654.780052
-0.040517,1,654.802164
-0.423022,4,654.894547
-0.372303,4,654.988878
-0.775806,8,655.178623
-0.124424,2,655.219129
-0.187466,3,655.299652
-0.602726,7,655.507521
-1.052042,9,655.7127
-0.673572,7,655.857729
-0.251749,3,655.920493
-0.149364,2,655.964005
-0.225933,3,656.028895
-0.379236,5,656.135095
-0.116291,2,656.176278
-1.094968,10,656.38988
-1.110917,12,656.646618
-0.337501,5,656.774287
-0.162179,2,656.816851
-0.995709,9,657.027589
-0.116463,2,657.077069
-0.128249,2,657.126156
-0.421052,5,657.247403
-0.506921,7,657.423604
-1.150901,10,657.665062
-1.221456,10,657.881589
-0.431586,4,657.963049
-0.422408,5,658.070082
-0.076646,2,658.150863
-0.274278,3,658.236685
-0.409242,5,658.369151
-0.243574,4,658.469347
-0.430292,5,658.590744
-1.464845,12,658.892286
-0.782936,7,659.192461
-0.082351,2,659.253043
-0.393054,4,659.352417
-0.744576,7,659.507254
-0.095637,2,659.54958
-0.20833,4,659.629114
-0.434475,4,659.708186
-0.366273,5,659.804231
-0.041192,1,659.824141
-1.24377,11,660.051322
-0.552859,7,660.189184
-0.682487,8,660.346468
-0.66278,7,660.486237
-0.243616,4,660.564026
-0.104219,2,660.605453
-0.067041,2,660.646863
-0.174575,3,660.706686
-0.801805,9,660.886293
-0.796284,7,667.99034
-0.675944,7,668.194406
-0.13179,2,668.240822
-0.435359,5,668.36104
-0.099474,2,668.410641
-0.211519,3,668.485809
-0.157147,2,668.533882
-0.402021,3,668.606625
-0.291229,3,668.705527
-0.044227,1,668.746552
-0.297032,4,668.848086
-0.63645,6,668.974872
-0.284369,3,669.050015
-0.360198,5,669.17261
-0.749668,7,669.345837
-0.197785,3,669.416761
-1.064194,9,669.640019
-0.738108,7,669.809436
-0.129179,2,669.858187
-0.625081,6,670.002388
-0.149339,2,670.049729
-0.160731,2,670.091599
-0.153214,2,670.131762
-0.6883,6,670.276304
-0.080485,2,670.324397
-0.191507,3,670.39875
-1.10383,9,670.613593
-0.589838,8,670.805938
-0.395818,5,670.930178
-0.145169,2,670.981404
-0.919881,9,671.200929
-0.191236,3,671.271406
-0.108173,2,671.316985
-0.203971,3,671.384949
-0.043871,1,671.406597
-0.046482,1,671.43206
-1.143769,11,671.698355
-0.599143,7,671.868272
-0.257407,3,671.939793
-0.371483,4,672.03793
-1.234155,12,672.328353
-0.572401,7,672.495285
-0.146439,2,672.542165
-0.310389,5,672.666317
-1.284769,11,672.934403
-0.09854,2,673.010621
-0.391057,5,673.159769
-0.229934,3,673.234322
-0.329543,4,673.330643
-0.672871,7,673.501892
-0.216612,3,673.574374
-0.554515,6,673.724268
-0.618618,7,673.898514
-0.245561,3,673.972868
-0.715812,8,674.168112
-0.54121,6,674.31593
-1.139448,10,674.556336
-0.395486,5,674.680111
-1.082368,10,674.926858
-1.086883,14,675.280737
-0.26963,3,675.355032
-0.32055,4,675.453389
-0.207821,3,675.524016
-0.267722,3,675.604805
-0.205596,3,675.708823
-0.243716,3,675.782006
-0.387389,4,675.881798
-0.119091,2,675.931453
-0.094023,2,675.982378
-0.210815,3,676.054027
-0.331799,5,676.181059
-0.905178,8,676.380667
-0.362113,5,676.505381
-0.528223,5,676.626591
-0.317394,4,676.722558
-0.115247,2,676.770935
-0.173595,3,676.845933
-0.572765,7,677.014275
-0.048669,1,677.041586
-0.626704,7,677.212158
-0.110661,2,677.261889
-0.071003,2,677.311567
-0.198055,3,677.385902
-0.302465,3,677.462506
-0.04361,1,677.487469
-0.046605,1,677.51262
-0.241317,3,677.588006
-0.036571,1,677.61274
-0.048177,1,677.637415
-0.587026,6,677.788413
-0.191238,3,677.861925
-0.773183,8,678.059807
-0.122274,2,678.107206
-0.104746,2,678.155357
-1.05817,13,678.470481
-0.870525,8,678.649758
-0.209294,3,678.710497
-0.880196,9,678.89216
-0.359217,4,679.023637
-0.174361,3,679.111728
-1.077714,9,679.334191
-0.960762,10,679.551626
-0.302095,3,679.612235
-0.71727,9,679.833341
-0.287355,5,679.943192
-0.543485,6,680.098665
-1.214336,10,680.314961
-0.513726,7,688.372553
-0.614613,5,688.476453
-0.203698,3,688.534931
-0.106953,2,688.60084
-0.103106,2,688.645073
-0.584926,6,688.762959
-0.766159,8,688.948765
-0.168677,3,689.01505
-0.343585,3,689.073469
-0.240973,3,689.134553
-0.22658,3,689.191897
-0.371872,6,689.310622
-0.168594,3,689.373683
-0.426504,5,689.489478
-0.399177,4,689.58032
-0.106256,2,689.632158
-0.241846,3,689.701568
-0.834552,7,689.850732
-0.802026,7,690.00238
-0.709815,7,690.174549
-0.214437,3,690.245197
-0.403105,6,690.395548
-0.221185,3,690.466675
-0.124537,2,690.509945
-0.139507,2,690.554106
-0.334467,4,690.64924
-0.266668,3,690.724421
-0.278249,4,690.818368
-0.760555,7,690.964912
-1.124757,9,691.143548
-0.76296,8,691.300929
-1.120442,11,691.527898
-0.633498,7,691.673211
-0.363094,4,691.752646
-0.201196,3,691.811021
-0.308429,3,691.871273
-0.535433,6,692.01072
-0.919974,9,692.224016
-0.087256,2,692.274291
-0.105317,2,692.320312
-0.238061,3,692.385858
-0.042028,1,692.408791
-0.56587,6,692.545431
-0.153711,2,692.586582
-0.386619,5,692.70726
-0.462357,4,692.7933
-0.286824,4,692.878325
-0.144832,2,692.929206
-0.128694,2,692.976421
-1.098879,9,693.19832
-0.113268,2,693.239017
-1.177775,10,693.43427
-0.151003,2,693.474363
-0.211398,3,693.534631
-0.595005,7,693.679659
-0.231362,3,693.736425
-0.186478,2,693.778133
-1.135288,11,694.01285
-0.333196,3,694.109509
-1.052823,11,694.38294
-0.023274,1,694.406049
-1.08528,11,694.674953
-0.047526,1,694.701042
-0.126111,2,694.749501
-0.154173,3,694.824198
-0.195382,3,694.886183
-0.310548,4,694.975555
-0.313392,4,695.076685
-0.208966,3,695.151094
-0.124237,3,695.224155
-0.216736,3,695.298644
-0.192632,3,695.37392
-0.175199,3,695.448858
-0.230222,3,695.52077
-0.042304,1,695.544934
-0.094293,2,695.595739
-0.267576,4,695.695801
-0.231093,3,695.769457
-0.427127,5,695.889826
-0.480984,5,696.013502
-0.497,8,696.191964
-1.267878,15,696.556646
-1.21105,11,696.827736
-0.151694,2,696.877345
-0.545896,6,697.021865
-0.651237,6,697.170653
-0.509434,6,697.301784
-0.144845,2,697.343713
-0.320848,3,697.408154
-0.486989,6,697.552052
-0.646187,7,697.72661
-0.148047,2,697.774757
-0.461476,5,697.894566
-0.243939,4,697.993627
-1.087987,12,698.283989
-0.606591,7,698.452642
-0.1761,3,698.511779
-0.24511,4,698.591181
-0.546922,6,698.734469
-0.28645,4,698.830684
-0.400931,5,698.948081
-0.517528,6,699.095946
-0.314051,3,699.166931
-0.545544,5,699.291373
-0.544854,6,699.437433
-0.298459,4,699.53514
-0.022791,1,699.558659
-0.404239,5,699.680999
-0.049759,1,699.71245
-0.667426,8,699.946632
-0.336838,4,700.044916
-0.189325,3,700.11959
-0.033717,1,707.363433
-0.227189,3,707.434871
-0.029848,1,707.461554
-0.198126,3,707.531373
-0.301109,5,707.639623
-0.27732,3,707.711522
-0.043692,1,707.749727
-0.607056,8,707.958316
-0.425586,5,708.071841
-0.264583,4,708.159374
-0.115803,2,708.202101
-0.261953,4,708.288401
-1.087401,11,708.546252
-0.110548,2,708.596707
-0.669088,8,708.784957
-0.379566,3,708.851737
-0.657793,7,709.022247
-0.460844,7,709.209452
-1.037313,9,709.428852
-0.906348,8,709.62035
-0.372617,4,709.709344
-0.836992,12,710.044208
-0.952525,12,710.36878
-0.247691,3,710.445819
-0.72443,9,710.672553
-0.110827,2,710.721903
-0.562469,8,710.919101
-0.204348,3,710.99316
-0.711851,9,711.213904
-0.166237,3,711.292122
-0.407247,5,711.418599
-0.295128,3,711.488199
-0.35338,4,711.584149
-0.341528,4,711.683471
-0.406478,5,711.797526
-0.462965,6,711.930888
-0.194955,3,712.003729
-1.353061,12,712.256703
-0.3925,5,712.371212
-0.111153,2,712.419482
-0.488331,6,712.565432
-1.094808,9,712.747004
-1.094439,10,712.985156
-0.313085,4,713.082603
-1.380664,12,713.344016
-1.612014,15,713.667637
-0.138774,2,713.706584
-0.129975,2,713.746328
-0.30375,5,713.847718
-0.418677,4,713.936867
-0.56441,8,714.167651
-0.0242,1,714.186861
-0.400753,6,714.317405
-0.197954,3,714.393501
-1.435349,13,714.675664
-0.165903,3,714.741748
-0.63812,7,714.952971
-0.648943,7,715.093626
-0.249407,3,715.150507
-0.08815,2,715.190786
-0.6003,7,715.360775
-0.28261,3,715.422743
-0.676773,8,715.582574
-0.342049,4,715.6641
-0.087224,2,715.711242
-0.300689,5,715.829886
-1.177478,10,716.064074
-0.271646,4,716.143844
-0.197683,3,716.218864
-0.934972,11,716.452919
-0.315484,4,716.57258
-0.500715,4,716.665837
-0.349183,4,716.751076
-0.344292,5,716.851208
-0.939481,10,717.056604
-0.181641,2,717.098592
-0.079194,2,717.139983
-0.122794,2,717.202793
-0.185681,3,717.29013
-0.742908,8,717.505006
-0.432378,4,717.603827
-0.220161,3,717.67716
-0.844416,8,717.888347
-0.916694,9,718.10381
-0.124504,2,718.145756
-0.895057,8,718.306972
-1.422012,15,718.618123
-0.037794,1,718.636887
-0.35142,5,718.740666
-0.146095,2,718.79124
-0.116273,2,718.831372
-0.106202,2,718.874821
-0.813063,9,719.059444
-0.695732,7,719.210788
-0.248269,4,726.34534
-0.81331,8,726.547294
-0.278422,3,726.621914
-0.331899,5,726.750892
-0.669957,8,726.928593
-0.585045,7,727.075866
-0.372684,3,727.134312
-0.548564,8,727.311666
-0.798339,8,727.490903
-0.112611,2,727.529607
-0.961279,10,727.735339
-0.040644,1,727.758689
-0.08163,2,727.803231
-0.380021,5,727.901264
-0.18787,3,727.959395
-0.448206,5,728.056927
-0.569304,6,728.198609
-0.978376,10,728.399689
-0.551811,7,728.53941
-0.308106,4,728.61777
-0.160367,2,728.658508
-0.46365,4,728.744621
-0.462128,5,728.869497
-0.317977,4,728.967093
-0.710535,7,729.140183
-0.200305,3,729.215949
-0.279472,4,729.317312
-0.401483,5,729.451696
-0.260899,3,729.52574
-0.161997,3,729.60092
-0.293267,4,729.691474
-0.214816,3,729.759367
-0.616364,8,729.939977
-1.060281,9,730.131764
-0.890604,9,730.307349
-0.044342,1,730.327889
-0.493143,5,730.435317
-1.071591,9,730.627632
-0.045779,1,730.647617
-0.219386,3,730.706553
-0.713666,8,730.865656
-0.127331,2,730.903703
-0.32078,4,731.015041
-0.089636,2,731.055319
-0.236354,3,731.133463
-0.161402,2,731.181425
-0.315831,4,731.257705
-0.32833,5,731.354028
-0.376203,5,731.455194
-0.728461,7,731.597408
-0.310095,4,731.673582
-0.806837,8,731.831063
-0.041982,1,731.851455
-0.318745,4,731.932551
-0.443391,5,732.035971
-0.205917,3,732.096637
-0.918208,11,732.345305
-0.305348,4,732.430493
-0.986303,13,732.769392
-0.224793,3,732.840112
-0.352764,5,732.94326
-0.726773,7,733.087145
-0.255252,4,733.166813
-0.512818,7,733.349086
-0.140685,2,733.392526
-0.369154,5,733.510485
-0.257288,4,733.593342
-0.687436,7,733.746079
-0.388219,5,733.865936
-0.14383,2,733.909541
-0.714061,7,734.077129
-0.620228,8,734.266643
-0.442747,5,734.412545
-0.556778,6,734.546819
-0.357219,5,734.657472
-0.350064,5,734.78332
-0.215366,3,734.841737
-0.705826,8,735.016637
-0.317228,5,735.184468
-0.030542,1,735.211473
-0.238188,3,735.28693
-0.182493,3,735.363129
-0.396691,4,735.462184
-0.665939,7,735.638585
-0.62693,7,735.800775
-0.63544,6,735.920649
-0.234103,3,735.988617
-0.187811,3,736.060566
-0.749359,8,736.231852
-0.341586,4,736.32147
-0.136065,2,736.364667
-0.413323,6,736.484959
-0.041908,1,736.503511
-0.323274,4,736.583449
-0.74323,8,736.741474
-0.186277,3,736.804695
-1.735554,15,737.122232
-0.04508,1,737.14054
-0.494203,5,737.240216
-0.961374,9,737.424598
-0.543076,6,737.564682
-0.044149,1,737.589421
-0.275946,4,737.676751
-0.092524,2,737.723179
-0.376757,4,744.878966
-0.035028,1,744.898928
-0.40036,5,745.028938
-0.188813,3,745.103789
-0.110232,2,745.145017
-0.385046,4,745.225787
-0.109144,2,745.270466
-0.230741,3,745.347805
-0.39648,5,745.480866
-0.264862,3,745.55425
-0.042159,1,745.578152
-0.769878,9,745.819671
-0.447982,5,745.932836
-0.534349,5,746.062605
-0.349175,5,746.2038
-0.122875,2,746.2504
-0.330615,4,746.344075
-1.177827,10,746.576949
-0.249173,3,746.638684
-0.336618,4,746.720462
-0.320944,3,746.795449
-0.012493,1,746.815932
-0.021446,1,746.835881
-1.208317,11,747.090956
-0.360094,5,747.199746
-0.385999,4,747.281836
-0.024565,1,747.303153
-0.87546,9,747.497461
-0.626662,6,747.620456
-0.087356,2,747.660149
-0.425179,4,747.742538
-0.22912,3,747.799737
-0.729544,8,747.97431
-0.168085,2,748.022053
-0.19657,3,748.098011
-0.121536,2,748.149488
-1.22486,12,748.429329
-0.146635,2,748.469229
-0.48509,6,748.592101
-0.202122,3,748.650728
-0.345481,3,748.712908
-0.844697,9,748.89152
-0.80462,7,749.037122
-0.927982,8,749.199445
-0.373512,5,749.299866
-0.545365,7,749.44192
-0.967729,9,749.631825
-0.988411,11,749.855655
-0.048052,1,749.874664
-1.245033,12,750.12107
-1.078896,10,750.322747
-0.391652,5,750.43587
-0.032779,1,750.459984
-0.292995,5,750.581753
-0.290932,4,750.672048
-0.121914,2,750.722238
-0.026343,1,750.744104
-0.377393,5,750.857931
-0.314268,4,750.952022
-0.383017,5,751.064922
-0.719783,7,751.257545
-0.021081,1,751.28307
-0.431033,4,751.385742
-1.217509,11,751.642259
-0.226539,3,751.712512
-0.297572,4,751.812068
-0.613367,7,751.984482
-0.513035,5,752.105261
-0.215399,3,752.178721
-0.049443,1,752.202931
-0.240183,3,752.275156
-0.448309,4,752.373756
-0.222062,3,752.446391
-0.750584,8,752.614383
-0.182179,3,752.685015
-0.137062,2,752.735161
-0.075036,2,752.784907
-0.125941,2,752.834757
-0.63109,9,753.056231
-0.881162,8,753.260415
-0.216957,3,753.335372
-1.086175,10,753.595487
-0.779992,7,753.80694
-0.133394,3,753.878515
-0.416377,4,753.977303
-0.21139,3,754.053133
-0.604519,6,754.255721
-0.335492,3,754.336383
-0.121494,2,754.389929
-0.487429,5,754.511914
-0.246084,4,754.611399
-1.309106,11,754.877243
-0.088477,2,754.920045
-0.197897,3,754.99212
-0.118563,2,755.043757
-0.164606,3,755.118916
-0.183206,3,755.194918
-0.565835,6,755.367037
-0.582888,5,755.492321
-0.441795,5,755.613305
-0.194842,3,755.686472
-0.518791,6,755.835346
-0.4176,4,755.93197
-0.136304,3,756.005688
-1.098398,9,756.204922
-0.175141,3,756.271656
-0.48468,5,756.393613
-0.358973,5,756.509579
-0.307428,3,756.589366
-0.543274,7,756.769415
-0.694782,7,764.317253
-0.049978,1,764.341206
-0.2322,3,764.414857
-0.582697,6,764.558894
-0.82741,8,764.752001
-0.274748,3,764.826911
-0.33943,4,764.921308
-0.319254,5,765.042056
-0.569893,6,765.192525
-0.712212,8,765.382507
-0.373758,5,765.488184
-0.529524,7,765.644234
-0.186426,3,765.712528
-0.414147,4,765.798814
-0.755981,8,765.966834
-0.093006,2,766.019438
-0.246199,3,766.100881
-0.166573,2,766.148652
-1.373067,14,766.494687
-0.117142,2,766.546444
-0.356773,5,766.711631
-0.32557,4,766.811656
-0.191892,3,766.886058
-0.380002,5,767.010543
-0.102167,2,767.060074
-0.133705,2,767.119186
-0.243015,3,767.196403
-0.290713,4,767.28792
-0.245481,4,767.370981
-0.245347,3,767.430773
-0.093797,2,767.478084
-0.034825,1,767.502644
-0.305481,3,767.574624
-1.414354,13,767.843418
-0.424044,4,767.927522
-0.043329,1,767.952382
-1.635207,16,768.276775
-0.27026,4,768.369806
-0.101565,2,768.425605
-0.03144,1,768.455872
-0.265805,4,768.575339
-0.200927,3,768.636329
-0.343129,5,768.740959
-0.306307,4,768.837677
-0.027134,1,768.863203
-0.202546,3,768.92875
-0.443898,6,769.05188
-0.546777,7,769.200897
-0.502201,5,769.300974
-0.435976,6,769.419947
-0.589789,6,769.541799
-0.176811,2,769.580469
-0.122503,2,769.622863
-0.399878,5,769.72583
-0.295038,4,769.807217
-0.198643,3,769.865403
-0.378069,6,769.989115
-0.092898,2,770.030774
-0.290709,4,770.109969
-0.5095,7,770.25023
-0.553631,6,770.369456
-0.216529,3,770.428863
-0.083261,2,770.47028
-0.224756,3,770.5303
-1.005871,9,770.707175
-0.105618,2,770.747112
-0.931439,9,770.944007
-0.111927,2,770.998602
-0.103577,2,771.045744
-0.198254,3,771.142963
-0.43613,5,771.250866
-0.58437,7,771.399056
-0.371366,5,771.50235
-0.089709,2,771.541485
-0.039378,1,771.56111
-0.151063,2,771.602237
-0.265286,3,771.660902
-0.691063,7,771.800124
-0.136301,2,771.840543
-0.202827,3,771.900105
-0.281357,4,771.983003
-0.048513,1,772.002811
-1.099637,10,772.203414
-0.187343,3,772.262305
-0.49847,5,772.395388
-0.177686,2,772.435505
-0.230382,3,772.494294
-0.720092,7,772.633422
-0.888597,9,772.809671
-0.234301,3,772.870134
-0.483781,4,772.948092
-0.312754,5,773.047592
-0.133049,2,773.08633
-0.120971,2,773.126365
-0.094302,2,773.166824
-0.311547,4,773.24723
-0.354526,4,773.325078
-0.278536,4,773.40389
-0.704405,8,773.562627
-0.151433,2,773.602198
-0.107453,2,773.642455
-0.043013,1,773.662262
-0.430214,4,773.743077
-1.17308,11,773.972828
-0.678812,7,774.119953
-0.124302,2,774.240511
-0.783007,8,774.410244
-0.217745,3,774.470407
-0.041531,1,774.49325
-0.296458,4,774.573367
-0.381101,4,774.654638
-0.460454,5,774.752964
-0.101938,2,774.805757
-0.781738,8,774.997387
-0.082953,2,775.040554
-0.044915,1,775.061787
-0.468698,5,775.160733
-0.404953,5,775.262442
-0.296422,4,775.35871
-0.205542,3,775.416988
-0.451443,5,782.522891
-0.701788,9,782.733015
-0.242145,3,782.804327
-0.045848,1,782.826313
-0.485848,5,782.948097
-0.476598,6,783.094617
-0.606515,6,783.243028
-0.183061,3,783.314757
-0.452223,5,783.437774
-0.405451,5,783.560245
-0.3633,5,783.669689
-0.532646,6,783.795439
-1.220153,13,784.113394
-0.41533,5,784.253014
-0.447567,5,784.408588
-0.368345,3,784.481616
-0.297062,5,784.609217
-0.375402,5,784.730349
-0.288726,4,784.82842
-0.047094,1,784.851345
-0.15843,2,784.894132
-0.69951,8,785.123604
-0.070317,2,785.174136
-0.162309,2,785.222452
-0.439883,5,785.344993
-0.656636,7,785.494369
-0.565414,5,785.60071
-1.047985,9,785.797941
-0.623434,6,785.934535
-1.062086,9,786.152317
-0.45612,7,786.2905
-0.705798,8,786.455843
-0.435426,5,786.556388
-0.574844,7,786.72527
-0.09727,2,786.768506
-0.031042,1,786.788635
-0.390018,5,786.895324
-0.272241,3,786.959574
-1.133801,10,787.214687
-0.070448,2,787.252009
-0.200933,3,787.313324
-0.77177,7,787.451063
-0.084921,2,787.518012
-0.521215,5,787.63461
-0.901837,9,787.849628
-0.214636,3,787.911389
-0.049575,1,787.930432
-0.573306,6,788.050827
-0.184844,3,788.11458
-0.049263,1,788.134535
-0.667726,7,788.273789
-0.023651,1,788.293556
-0.947475,8,788.47627
-0.130465,2,788.516963
-0.040815,1,788.539577
-0.391024,6,788.663846
-0.081642,2,788.702743
-1.012859,9,788.885709
-0.121227,2,788.92676
-0.212392,3,788.993289
-0.046739,1,789.019446
-0.291742,3,789.093048
-0.295243,3,789.157338
-0.456045,4,789.243367
-0.099806,2,789.287285
-0.111181,2,789.327385
-0.503405,5,789.437078
-0.216776,3,789.497367
-0.262264,3,789.560239
-0.268224,3,789.620803
-0.213024,3,789.67997
-0.030246,1,789.700136
-1.294205,10,789.900324
-0.465044,4,789.981199
-0.284531,3,790.048311
-0.412111,5,790.15134
-0.242819,3,790.216903
-0.269431,3,790.277955
-0.707161,9,790.46652
-0.043342,1,790.486945
-0.552292,7,790.667574
-0.30855,4,790.748319
-0.153758,2,790.788682
-0.452942,5,790.890685
-0.794635,9,791.089135
-0.839651,8,791.301897
-0.078285,2,791.347676
-0.26856,3,791.41435
-0.645284,7,791.558367
-0.987854,9,791.747869
-0.792896,8,791.940795
-0.312919,4,792.030521
-0.640378,7,792.186917
-0.103044,2,792.227956
-0.590564,6,792.357564
-0.028497,1,792.381467
-0.3943,5,792.505604
-0.26335,4,792.602389
-1.117211,11,792.861728
-0.404042,5,792.982625
-0.816041,9,793.20282
-0.297503,3,793.298704
-0.363716,4,793.38923
-0.270296,4,793.481794
-0.427341,4,793.571294
-0.687132,8,793.777871
-0.15433,2,793.824211
-0.248022,3,793.900374
-1.349976,12,801.611779
-0.498946,6,801.74119
-1.007351,9,801.939192
-0.244156,3,802.019489
-0.335768,5,802.145976
-0.098756,2,802.195411
-0.696579,8,802.386041
-0.476359,5,802.501434
-0.860353,9,802.709281
-0.35911,4,802.799922
-0.299648,3,802.865839
-0.833842,9,803.075428
-0.315201,4,803.164699
-0.311334,3,803.242985
-0.145488,2,803.291025
-0.412776,5,803.40617
-0.760775,10,803.642967
-0.09848,2,803.689884
-0.53676,7,803.854433
-0.198009,3,803.923666
-0.485505,5,804.174925
-0.043124,1,804.223088
-0.110527,2,804.316216
-0.214671,3,804.393547
-0.801508,9,804.621806
-0.126318,2,804.673606
-0.224277,3,804.744704
-0.12762,2,804.790629
-0.124066,2,804.841772
-0.314663,4,804.962896
-0.033264,1,805.075597
-0.901837,10,805.320811
-0.251542,3,805.391014
-0.095742,2,805.436345
-0.469429,7,805.594293
-0.699983,7,805.748908
-0.223267,3,805.814153
-0.240226,3,805.875868
-0.565349,6,806.011137
-0.126894,2,806.055389
-0.094514,2,806.096698
-0.943213,9,806.283303
-0.304469,3,806.347025
-0.796673,7,806.503306
-0.409286,5,806.615719
-0.223919,3,806.686051
-0.035695,1,806.70734
-0.610886,6,806.832038
-0.848845,10,807.042589
-0.236318,3,807.104447
-0.206222,3,807.163392
-0.252758,3,807.228135
-0.16786,2,807.269302
-0.575219,6,807.397317
-0.982382,9,807.615814
-1.074762,10,807.862884
-0.977796,9,808.081175
-0.017459,1,808.102626
-0.394627,5,808.224742
-0.640893,7,808.378359
-0.393425,4,808.473924
-0.015375,1,808.496544
-0.259879,3,808.569348
-0.134592,2,808.61484
-0.55115,7,808.785533
-0.472526,5,808.907681
-0.259931,3,808.975995
-0.311624,4,809.071443
-0.147493,3,809.145195
-0.656064,8,809.328839
-0.219407,3,809.403935
-0.022053,1,809.429518
-0.134127,2,809.471601
-0.458975,6,809.604595
-0.15803,2,809.652141
-0.130295,2,809.699693
-0.306799,3,809.777169
-0.259552,4,809.87895
-0.223211,3,809.954819
-0.097952,2,810.003122
-0.850912,8,810.216595
-1.350732,11,810.479434
-0.239925,3,810.545765
-0.320552,5,810.662066
-1.213699,13,810.980478
-0.139812,2,811.029373
-0.106204,2,811.083402
-0.102616,2,811.162118
-0.407909,6,811.310083
-0.329175,3,811.385775
-0.3425,5,811.507573
-0.205963,3,811.574339
-0.804598,8,811.774972
-1.016266,9,811.977921
-0.283096,4,812.071881
-0.398077,4,812.167868
-0.112509,2,812.21809
-0.045923,1,812.242327
-0.367596,6,812.402584
-0.852823,10,812.642225
-0.188014,3,812.718219
-0.420265,4,812.808146
-0.04679,1,812.830844
-0.378757,4,812.922986
-0.741205,8,813.101747
-0.64754,6,813.231909
-0.185028,2,813.277331
-1.542959,14,813.585222
-0.23281,3,813.657502
-0.906609,10,813.879721
-0.785766,8,821.375843
-0.302527,4,821.472668
-0.238216,3,821.542105
-0.200134,3,821.61538
-0.410359,6,821.748489
-0.03542,1,821.771476
-0.232138,3,821.837209
-0.281217,3,821.897513
-0.102751,2,821.938737
-0.324432,4,822.026532
-0.219242,3,822.094818
-0.422248,5,822.211807
-0.025444,1,822.235329
-0.879341,10,822.46215
-0.14932,3,822.526241
-0.312042,5,822.643385
-0.121155,2,822.693033
-0.871976,8,822.852632
-0.275487,3,822.919081
-0.537089,6,823.053111
-1.294247,10,823.260561
-0.149916,3,823.322082
-1.778876,17,823.669125
-0.927179,9,823.851924
-0.260164,4,823.930627
-0.293232,3,823.992072
-0.069273,2,824.030854
-0.096109,2,824.071402
-0.039871,1,824.091418
-0.115987,2,824.131145
-0.349852,5,824.230183
-0.237556,3,824.291824
-0.412891,4,824.383771
-0.090632,2,824.432644
-0.303543,4,824.523807
-0.037615,1,824.548002
-0.602021,6,824.676134
-0.126679,2,824.72619
-0.179564,3,824.787422
-0.09142,2,824.827989
-0.760905,7,824.984903
-0.661332,7,825.144939
-0.102377,2,825.188894
-0.582672,6,825.31517
-0.098259,2,825.388157
-0.750668,8,825.580432
-0.255441,3,825.649115
-0.295265,4,825.743314
-0.138854,2,825.783323
-0.144854,2,825.824946
-0.286122,4,825.910751
-0.444777,5,826.031382
-0.580927,6,826.178627
-0.032149,1,826.202761
-0.798544,9,826.427258
-0.719561,7,826.592962
-0.805455,9,826.789775
-1.342386,11,827.034383
-0.723371,7,827.187116
-0.325303,6,827.362563
-1.082759,10,827.597925
-0.14974,2,827.649366
-0.422487,5,827.77301
-0.438543,5,827.896844
-0.651705,8,828.101031
-0.275217,3,828.176699
-0.039475,1,828.200888
-0.335141,5,828.33185
-0.184741,2,828.383165
-0.264102,3,828.458138
-0.044064,1,828.484705
-0.031322,1,828.510172
-1.326608,12,828.799091
-0.159142,3,828.862528
-0.500723,7,829.020288
-0.030741,1,829.041723
-0.268888,4,829.123449
-0.316344,4,829.200019
-0.409282,5,829.299849
-0.369108,5,829.41844
-0.027553,1,829.439229
-0.132176,2,829.479694
-0.038856,1,829.499125
-0.132517,2,829.540053
-0.023543,1,829.560488
-0.351951,4,829.640919
-1.187096,12,829.951481
-0.145104,2,829.996675
-0.092498,2,830.040574
-0.030769,1,830.082789
-0.9204,8,830.247972
-0.083608,2,830.292415
-0.434746,6,830.443176
-0.168026,2,830.496495
-0.078244,2,830.547472
-0.706034,8,830.721709
-0.314333,4,830.807593
-0.1843,3,830.86826
-0.488524,6,831.04823
-0.445621,5,831.155855
-0.528937,7,831.303127
-0.211089,3,831.368043
-0.696268,7,831.507016
-0.203362,3,831.571497
-0.47798,5,831.675218
-0.224593,3,831.734595
-0.745345,8,831.90116
-0.196946,3,831.9618
-0.208795,3,832.02454
-0.583588,6,832.148318
-0.375479,5,832.248925
-0.70456,7,832.40915
-0.258887,3,832.478436
-0.323913,4,832.557873
-0.441824,5,832.65499
-0.080859,2,832.694203
-0.084636,2,832.743424
-0.61651,6,839.661338
-0.06682,2,839.719536
-0.131645,2,839.770678
-0.399363,6,839.916594
-0.212813,3,839.993322
-0.612831,7,840.152143
-0.432133,7,840.303836
-0.085564,2,840.3451
-0.422316,4,840.432735
-0.152521,2,840.478142
-0.570594,6,840.606551
-0.867355,9,840.830682
-0.317945,3,840.909576
-0.931926,10,841.152607
-0.822088,7,841.296888
-0.929758,8,841.478586
-0.086886,2,841.525459
-0.245837,3,841.592989
-0.59919,7,841.751754
-0.326897,4,841.837656
-0.211609,3,841.901915
-0.133868,2,841.951661
-0.153815,2,842.005272
-0.555648,7,842.165317
-0.215727,3,842.227059
-0.614054,7,842.37683
-0.304615,4,842.47397
-0.514427,5,842.581224
-1.109552,10,842.791596
-0.950851,12,843.055676
-0.537942,6,843.188091
-0.066761,2,843.273938
-0.125444,2,843.324871
-0.147135,3,843.392575
-0.124361,2,843.435239
-0.183362,3,843.498152
-0.277753,5,843.597718
-0.439887,7,843.738622
-0.106423,2,843.777192
-0.182074,3,843.837575
-0.119968,2,843.878027
-0.101022,2,843.9198
-0.098312,2,843.96524
-0.322595,4,844.066336
-0.541747,6,844.213387
-0.901075,8,844.424844
-0.100414,2,844.48671
-0.194962,3,844.563182
-0.511499,7,844.748903
-0.3603,4,844.834023
-0.522518,6,844.969727
-0.348887,4,845.058322
-0.028189,1,845.076957
-0.154913,3,845.142946
-0.250534,4,845.224678
-0.43815,4,845.305311
-0.139157,2,845.351411
-0.032349,1,845.374827
-0.323517,4,845.462016
-0.404656,3,845.522419
-0.239763,4,845.612156
-0.080708,2,845.664462
-0.155374,2,845.714787
-0.11339,2,845.757157
-0.314576,4,845.838339
-0.556411,6,845.979621
-0.957967,10,846.200684
-0.146137,2,846.248883
-0.125909,2,846.297232
-0.448145,4,846.387862
-0.021231,1,846.412201
-0.845291,9,846.638698
-0.016169,1,846.661254
-0.297767,4,846.756072
-0.273613,4,846.838205
-0.140947,2,846.880568
-0.115281,2,846.931724
-0.103386,2,846.979329
-0.673982,9,847.185383
-0.264478,4,847.275744
-0.412448,5,847.382594
-0.211093,3,847.452648
-0.362301,3,847.515405
-0.174889,3,847.577044
-0.209635,3,847.646416
-0.185219,3,847.723031
-1.082052,10,847.967726
-0.701172,7,848.141132
-0.443275,5,848.260297
-0.38661,4,848.362282
-0.349752,5,848.476678
-0.655999,6,848.610287
-0.238253,3,848.682046
-0.131928,2,848.73289
-0.159286,3,848.80513
-0.461939,5,848.932076
-0.682811,8,849.131004
-0.155811,2,849.183448
-0.492847,6,849.334522
-0.692812,9,849.56333
-0.259241,3,849.640105
-0.098933,2,849.720216
-0.090815,2,849.773692
-0.21496,3,849.843456
-0.096084,2,849.887554
-0.569375,7,850.034624
-0.882549,9,850.247043
-0.406331,6,850.373808
-0.217711,3,850.435782
-0.046702,1,850.455162
-0.537666,6,850.582971
-0.401883,5,850.685018
-0.099815,2,850.724919
-0.436543,6,850.8637
-0.257337,3,850.928301
-0.425121,5,851.046269
-0.354654,3,851.111623
-0.49358,6,851.236563
-0.676914,7,858.413411
-0.19348,3,858.474067
-0.191708,3,858.533868
-0.610214,6,858.661681
-0.406876,5,858.761152
-0.170597,2,858.800758
-0.4672,4,858.879375
-0.183678,3,858.944471
-0.345882,3,859.009446
-0.163057,2,859.053437
-0.162471,2,859.092913
-0.126689,2,859.13324
-0.161128,2,859.175064
-0.216971,3,859.23446
-0.678219,7,859.383535
-0.744952,7,859.521007
-0.465964,6,859.641916
-0.369287,4,859.728564
-0.041797,1,859.75026
-0.216649,3,859.816306
-0.134987,2,859.858902
-0.531291,6,859.981412
-0.20307,3,860.045042
-0.28509,4,860.128024
-0.035922,1,860.148754
-0.162862,2,860.206767
-0.129552,3,860.298284
-0.354302,4,860.409237
-0.44415,5,860.516238
-0.044621,1,860.536623
-1.283905,11,860.763347
-0.34096,4,860.846225
-0.096306,2,860.886825
-0.224334,4,860.969932
-0.157183,3,861.040749
-0.341184,4,861.126603
-0.103737,2,861.167239
-0.864862,8,861.333522
-0.870948,9,861.524014
-0.710276,8,861.686715
-0.51065,7,861.8336
-0.017985,1,861.854785
-0.717985,7,861.995647
-0.423629,4,862.097665
-0.584448,7,862.246731
-0.102704,2,862.295517
-0.186435,3,862.359489
-0.741607,8,862.529375
-0.295661,4,862.609268
-0.465417,5,862.709201
-0.145523,2,862.753018
-0.108883,2,862.794251
-0.308624,4,862.877279
-0.203532,3,862.93336
-0.553423,7,863.080367
-0.1853,3,863.141934
-0.895275,9,863.330525
-0.823359,9,863.515964
-0.140369,2,863.564591
-0.12386,2,863.612179
-0.880202,8,863.780501
-0.159846,2,863.823018
-0.200391,3,863.880776
-0.276579,4,863.969881
-0.106183,2,864.217656
-1.092225,10,864.456144
-1.324299,12,864.727221
-0.34033,4,864.837641
-0.375929,4,864.951676
-0.144358,2,865.001437
-0.092443,2,865.050117
-0.045116,1,865.073364
-0.18132,3,865.139084
-0.139408,2,865.180889
-1.009254,10,865.431681
-0.495082,5,865.548226
-0.148218,2,865.603752
-0.67308,7,865.779663
-0.218955,3,865.861591
-0.567989,7,866.086137
-0.510792,6,866.250144
-0.233282,3,866.313615
-0.193623,3,866.374225
-0.132279,2,866.413861
-0.078719,2,866.451912
-0.140575,2,866.501097
-0.433859,4,866.633725
-0.049493,1,866.659303
-0.128215,2,866.706461
-0.033244,1,866.726532
-0.04664,1,866.75213
-0.164353,2,866.797928
-0.32488,4,866.879042
-0.128475,2,866.919614
-0.9959,10,867.145274
-0.088552,2,867.192226
-0.373582,4,867.328647
-0.183312,3,867.419854
-0.048884,1,867.445311
-0.201073,3,867.519118
-0.111076,2,867.565144
-0.107321,2,867.60975
-0.679747,8,867.78945
-1.051454,14,868.132292
-0.33169,4,868.223109
-0.033518,1,868.247246
-0.541865,6,868.406095
-0.108477,2,868.446785
-1.014191,9,868.644687
-0.182524,3,868.720058
-1.260513,13,869.002231
-1.347588,11,869.262239
-0.219132,3,869.334352
-0.219536,3,869.400037
-0.372499,4,869.483965
-0.300541,5,869.598787
-0.151851,2,869.641729
-0.578661,7,869.809233
-0.145174,2,869.860259
-0.361914,3,869.935555
-1.287696,13,877.364939
-0.700348,7,877.533382
-0.113748,2,877.581301
-0.651877,7,877.752815
-0.254716,3,877.828825
-0.136391,2,877.878713
-0.156031,2,877.928433
-0.824198,8,878.107836
-0.755041,7,878.280739
-0.222143,3,878.351592
-0.11553,2,878.400718
-0.108813,2,878.450798
-0.424821,6,878.595954
-1.128673,10,878.846352
-0.384698,5,878.98525
-0.034651,1,879.010514
-0.597353,7,879.177167
-0.235878,3,879.27857
-0.316844,5,879.409148
-0.542062,6,879.552908
-0.266554,4,879.651959
-0.693789,7,879.828522
-1.398845,14,880.178046
-0.517935,6,880.33157
-0.540329,6,880.479523
-0.438168,5,880.60578
-0.593624,6,880.744541
-0.105222,2,880.794308
-0.233009,3,880.874141
-0.042191,1,880.902322
-0.249767,3,880.977259
-0.325504,3,881.050954
-0.098081,2,881.093135
-0.274717,3,881.152826
