#{"t_start": 1701651837.458848, "env_id": "PickUpHighLevel-v0"}
r,l,t
-79.966346,100,3.759806
-95.154437,100,6.803499
-40.363811,100,9.868522
-67.120441,100,12.909593
-66.864652,100,16.00265
-36.620266,100,26.529163
-83.0565,100,29.592052
-62.866646,100,32.721839
-33.374732,100,35.75456
-96.313196,100,38.917326
-29.891669,100,49.701817
-2.026707,14,50.134381
-6.917532,25,50.90426
-71.025775,100,53.958804
-48.191973,100,57.085119
-21.466809,100,60.247878
-40.13735,100,70.885336
-35.182049,100,73.852464
-28.42407,100,76.913274
-35.968362,100,79.932904
-26.622076,100,83.110108
-34.291667,100,86.338939
-46.923459,100,96.735395
-6.262576,31,97.695966
-28.578006,100,100.739566
-22.579782,100,103.826933
-35.589253,100,106.786588
-30.426669,100,117.379748
-21.416901,100,120.640545
-31.742852,100,123.671333
-0.154481,1,123.7003
-29.463883,100,126.78992
-39.865734,100,129.862918
-38.038695,100,133.225416
-0.153133,1,133.258813
-19.320769,100,144.289575
-63.187788,100,147.381291
-66.528978,100,150.648811
-28.174607,100,153.668329
-33.914303,100,156.851712
-0.171471,1,156.88434
-29.798574,100,167.582816
-20.615335,100,170.703171
-25.758505,100,173.680897
-0.15343,1,173.709144
-26.681454,100,176.743832
-45.899542,100,179.856069
-3.533328,23,188.027877
-0.213792,1,188.059194
-26.685708,100,190.99244
-74.224547,100,193.946565
-29.716522,100,196.92324
-31.274749,100,200.00318
-40.009551,100,202.9514
-39.699193,100,213.469767
-34.64289,100,216.498263
-0.143959,1,216.529354
-72.336976,100,219.571186
-31.152731,100,222.596213
-0.193077,1,222.628989
-22.231879,100,225.740418
-0.185418,1,225.773427
-21.436742,100,236.275641
-24.020695,100,239.313788
-0.150807,1,239.345782
-24.451765,100,242.333122
-13.975122,100,245.246597
-40.686015,100,248.244931
-20.572891,100,258.787734
-35.898596,100,261.790205
-20.697591,100,264.81251
-25.614783,100,267.836059
-61.032004,100,270.8981
-25.506567,100,281.327214
-21.247681,100,285.933865
-5.891706,30,286.933061
-22.382948,100,289.948746
-30.59225,100,292.924944
-21.825199,100,295.911913
-21.421289,100,306.267464
-24.192601,100,309.297544
-20.984594,100,312.308955
-55.954648,100,315.294936
-0.172641,1,315.325506
-21.114894,100,318.360051
-27.506335,100,328.667537
-18.981124,100,331.643586
-45.953736,100,334.720762
-20.046973,87,337.36207
-23.435548,100,340.392482
-24.923069,100,350.733806
-54.28541,100,353.730327
-40.241226,100,356.723084
-21.243705,100,359.783231
-36.525689,100,362.854016
-43.316041,100,373.181507
-28.575702,100,376.098195
-25.837203,100,379.038472
-3.313638,20,379.664308
-33.58866,100,382.699802
-26.900136,100,385.825671
-41.42638,100,396.139551
-8.858605,53,397.70362
-0.163877,1,397.736048
-2.821751,76,400.038169
-0.154321,1,400.070386
-28.52572,100,403.306498
-21.81166,100,406.315922
-18.593623,100,409.533334
-28.857041,100,420.06694
-20.880353,100,423.086321
-33.463812,100,426.18729
-18.933217,100,429.313842
-0.172882,1,429.3437
-0.165504,1,429.375706
-38.269867,100,432.573435
-19.700432,100,443.167975
-29.654527,100,446.198418
-19.855651,100,449.289855
-21.970146,100,452.353483
-13.826429,100,455.36287
-8.478868,52,456.942152
-5.139105,100,468.058673
-2.835332,18,468.610066
-17.89792,100,471.669093
-34.331672,100,474.520776
-0.170722,1,474.547904
-20.398663,100,477.37319
-20.034435,100,480.658528
-7.319427,51,489.558897
-20.796709,100,492.176247
-25.08986,100,494.930556
-24.538446,100,497.858003
-19.630544,100,500.813522
-20.410636,100,511.612355
-2.465183,17,512.154604
-18.32917,100,515.171642
-20.565483,100,518.301231
16.765093,28,519.169922
-28.716785,100,522.403442
13.64486,100,525.526404
-21.664206,100,535.924022
-39.635802,100,538.658849
-9.03898,100,541.763256
-19.408144,100,544.773502
-18.201597,100,547.868741
-17.355875,100,558.624775
-35.540831,100,561.554901
-21.114325,100,565.542883
-34.744137,100,568.460385
-5.381734,100,571.432464
-51.944202,100,581.843027
-9.113508,100,584.871715
-26.630483,100,587.759257
-24.386916,100,590.59637
-1.418563,14,590.993143
-16.229076,100,593.87626
-21.24826,100,604.257022
-18.573255,100,607.26773
-18.868987,100,610.154279
-16.817531,100,613.026432
-61.846641,100,616.011597
-7.352505,48,617.344888
-19.031652,100,628.059451
-15.894236,100,631.177284
-11.830485,100,634.036651
-8.27837,100,636.875934
-18.687272,100,639.69779
-25.755883,100,650.035191
-38.335346,100,653.107301
-1.915703,100,656.112385
-44.300766,100,658.994313
-0.164692,1,659.022905
-17.49662,100,662.038257
-14.652282,100,672.991553
-21.059861,100,676.127178
-11.186296,57,677.827775
-4.292338,26,678.608934
-6.346049,100,681.60374
-16.044367,96,684.316238
-38.630654,100,694.720638
-16.337159,100,697.666981
-3.365534,23,698.361771
-16.341497,100,701.445402
-20.878074,100,704.481109
-45.305784,100,707.332662
-4.491257,26,708.070523
-19.47684,100,718.148127
-7.434208,42,719.331104
-21.302602,100,722.271487
-0.168506,1,722.302537
-22.45113,100,725.314727
-22.38724,100,728.264127
-18.293578,100,731.163094
-19.113171,100,741.327849
-2.400276,21,741.900261
-46.552861,100,744.662475
-20.240106,100,747.525032
-17.282927,100,750.496443
-18.993044,100,753.43944
-2.417201,16,761.18323
-15.066664,100,764.049819
-52.232591,100,766.941263
-34.637082,100,769.921623
-9.393901,59,771.656819
-15.389798,100,774.623255
-18.29648,100,784.847311
-16.25017,100,787.635059
-16.08122,100,790.446936
-15.808478,100,793.326994
-2.05843,20,793.919401
-13.240391,100,796.929854
-0.499308,5,797.072081
-7.755718,56,806.074527
-20.010627,100,808.925563
-17.841337,100,811.809419
-44.115372,100,814.650247
-17.563658,100,817.422511
-14.988357,100,827.923757
-4.90361,100,830.742083
-13.663689,100,833.623287
-14.161284,100,836.982135
-16.055204,100,839.931179
-20.157396,100,850.342033
-29.22558,100,853.17691
-25.180921,100,855.948609
-15.44753,100,858.728741
-19.705276,100,861.874124
-15.687817,100,864.857416
-0.175452,1,864.890917
-6.483049,43,873.799768
6.352952,25,874.558286
-16.667894,100,877.478723
-14.211517,100,880.550757
76.722313,100,883.598268
-6.608454,48,885.048433
9.549644,5,885.192244
-18.516886,100,895.467712
-17.142342,100,898.48161
-0.151446,1,898.514907
-0.149878,1,898.546381
-14.606066,100,901.483203
-14.115256,100,904.561324
-16.147756,100,907.518559
-19.849301,100,910.461236
-18.938463,100,920.804077
-17.678146,100,923.88359
-15.435909,100,926.76897
-14.99706,100,929.652301
-1.272291,12,929.992366
-0.19241,1,930.026596
-16.757375,100,933.096504
-35.053619,100,943.756598
-19.031497,100,946.828221
-8.214929,60,948.664846
-17.528902,100,951.607732
-17.537695,100,954.609657
-13.366963,83,964.648054
-14.788151,100,967.574024
-5.793368,42,968.842891
-14.871181,100,971.883445
-19.253376,100,974.889995
-7.404047,64,976.70961
-17.927155,100,986.817141
-17.338864,100,989.768599
-15.704198,100,992.751123
-12.964318,100,995.766272
-0.629904,5,995.915249
-5.765897,40,997.173918
-26.979794,100,1000.228028
-14.278304,100,1010.381415
-5.222118,46,1011.750316
-14.4827,100,1014.459235
-14.989294,100,1017.482531
-15.606202,100,1020.488971
-3.681411,26,1021.268216
-18.175427,100,1031.758376
-17.92138,100,1034.497466
-12.306684,100,1037.102747
-0.174718,1,1037.127064
-13.543407,100,1039.871192
106.958105,100,1043.082192
-14.055634,100,1053.588031
-4.796539,39,1054.808264
-14.276632,100,1057.899904
-4.528345,33,1058.928308
150.042845,100,1062.110584
-1.1153,9,1062.380628
-2.356521,16,1062.841824
-3.821903,100,1065.804013
-48.74082,100,1068.847543
-15.51788,100,1079.532066
-13.150738,100,1082.556257
-12.979249,100,1085.499982
-14.894034,100,1088.463641
-3.428448,25,1089.219003
-7.513509,100,1100.019202
-3.054387,21,1100.662808
-53.325468,100,1103.599175
-7.010672,100,1106.504561
-3.225416,23,1107.162641
-13.936763,100,1110.085869
-13.385245,100,1113.856308
-20.651299,100,1124.563109
-15.716826,100,1127.45828
-13.457878,100,1130.37366
-0.158722,1,1130.40819
-15.117548,100,1133.308344
-7.819647,60,1134.990246
-7.939899,100,1137.860094
-42.441444,100,1148.387273
-0.836823,11,1148.705316
-14.783585,100,1151.580914
-12.416594,100,1154.419033
-17.543577,100,1157.286846
-5.50527,100,1160.159079
-14.42592,100,1170.521802
-10.325536,75,1172.772773
-34.191431,100,1175.634535
-33.708859,100,1178.521035
-13.322786,100,1181.686152
6.459789,100,1192.11736
-2.793648,100,1195.243798
-14.518867,100,1198.219175
-1.432925,10,1198.505507
-11.900681,100,1201.464741
-16.793489,100,1204.427699
-38.45869,100,1214.758389
-12.374914,100,1217.829513
-14.282469,100,1220.825872
-18.114733,100,1223.760879
-15.584022,100,1226.742805
-14.138061,100,1237.040307
-1.240739,9,1237.312582
-16.02312,100,1240.371533
-16.857064,100,1243.421055
-13.456448,100,1246.420603
-17.57871,100,1249.335089
-0.168635,1,1249.367571
-15.132011,100,1259.642112
-4.129924,100,1262.589106
-12.240731,100,1265.583489
-16.882447,100,1268.651174
-13.312952,100,1271.699043
-36.984591,100,1281.855739
7.001687,100,1284.7045
34.39943,100,1287.826039
-12.966639,100,1290.895053
-13.272153,100,1293.963055
-0.965019,7,1294.182716
-14.343571,100,1304.426612
56.332981,100,1307.379229
-13.356982,100,1310.389247
-13.808882,100,1313.387742
-12.614566,100,1316.452874
-5.62421,46,1317.905341
-13.237488,100,1328.40598
-11.623556,100,1331.484443
-12.366864,100,1334.428044
-13.03243,100,1337.418382
-0.197269,1,1337.447498
128.635791,100,1340.533771
-11.0734,100,1350.872427
-3.818352,35,1351.897316
-13.560062,100,1354.799382
-16.104869,100,1357.754056
-0.481163,5,1357.903852
-10.830703,78,1360.198369
-18.656527,100,1363.445792
-17.037973,100,1373.847895
-1.920942,19,1374.415108
-13.048829,100,1377.193958
-12.981863,100,1379.84072
-14.140308,100,1382.523186
-0.857166,7,1382.713123
74.953627,100,1385.636122
-0.201999,1,1385.669624
-3.831848,100,1396.975088
-1.748371,12,1397.281239
-14.183643,100,1400.009915
-21.60128,100,1402.753828
-14.421812,100,1405.544119
103.885012,100,1408.468928
-5.48429,100,1419.088684
-14.047514,100,1422.143881
-0.182533,1,1422.174508
-12.686309,100,1425.244584
-12.955005,100,1428.368409
-14.11769,100,1431.271842
-12.995083,100,1441.877244
-11.903396,100,1444.753163
-45.807557,100,1447.512168
-12.179062,100,1450.439742
-12.952361,100,1453.315454
-22.190578,100,1463.882064
-12.164511,100,1466.760413
80.435539,100,1469.625501
-13.743942,100,1472.614048
86.164712,100,1475.48841
-2.657088,22,1476.078622
-13.703337,100,1486.464995
-8.986128,76,1488.717426
-11.358385,100,1491.664907
-4.297591,33,1492.72031
35.82753,100,1495.4763
-1.127776,9,1495.716326
-14.729066,100,1498.550645
-1.898347,15,1498.97463
8.145546,100,1509.341104
-0.168186,1,1509.370824
-14.117941,100,1512.333775
-13.399067,100,1515.170291
-12.995769,100,1517.83987
-0.68175,7,1518.02635
-12.245803,100,1520.93081
-17.872054,100,1531.371859
-15.759006,100,1534.41737
-25.399546,100,1537.386963
-5.113412,33,1538.23974
-12.928797,100,1541.063711
-8.80998,100,1544.281486
-12.905735,100,1555.212027
49.982977,89,1557.89876
-3.454933,33,1558.881315
-13.942452,100,1561.826374
-12.866968,100,1564.586872
-13.772618,100,1567.474778
-11.709346,100,1577.984577
-11.456443,100,1581.094659
-15.256322,100,1584.335356
-12.68115,100,1587.273576
-0.193218,1,1587.301181
-12.363744,100,1590.193192
-3.085172,28,1598.369478
-11.296237,100,1601.261556
-1.150577,11,1601.631392
-0.172792,1,1601.665134
-15.809629,100,1604.916363
-10.69314,100,1607.908914
-13.009114,100,1610.7886
-3.35572,24,1611.396837
-10.599945,100,1621.571331
-12.353454,100,1624.60461
-0.16891,1,1624.637128
-13.80218,100,1627.642984
-12.089848,100,1630.692007
-0.17702,1,1630.721226
6.345089,33,1631.732641
-11.726093,100,1634.855508
-10.959188,100,1645.189198
-1.979049,13,1645.551169
-11.622031,100,1648.48377
-11.969565,100,1651.547337
-12.357862,100,1654.808681
-11.963811,100,1658.062194
-11.532206,100,1668.5552
-11.430345,100,1672.460664
-10.503225,100,1675.499042
-0.632289,6,1675.693577
-0.188514,1,1675.722278
-8.218765,70,1677.859648
-13.422599,100,1680.956443
-17.418044,100,1691.488048
-18.225923,100,1694.347725
-0.16934,1,1694.380412
-11.70356,100,1697.152114
-5.674536,45,1698.480584
-12.688482,100,1701.596718
-0.166852,1,1701.626388
-17.310356,100,1704.805781
-10.62702,100,1715.169014
-14.475104,100,1717.989042
-10.677279,100,1721.062848
-2.499849,25,1721.903966
-3.144123,29,1722.824712
-15.773046,100,1725.975144
-6.708839,58,1727.731923
-10.775666,100,1738.286382
-10.245786,100,1741.188466
-11.379209,100,1744.002757
-0.174756,1,1744.031088
-12.100073,100,1746.993537
-11.397189,100,1750.221807
-10.348878,100,1760.672829
-2.690229,25,1761.409081
-11.379297,100,1764.159032
-0.175023,1,1764.188439
-12.398383,100,1767.224425
-17.129383,100,1770.294603
-3.102863,28,1771.151813
-13.592766,100,1774.363138
-8.254806,71,1784.050714
-0.18482,1,1784.078837
-1.130839,10,1784.359074
-0.178706,1,1784.388523
-10.057714,100,1787.20032
14.277761,100,1790.083464
-12.769061,100,1793.071685
19.528151,100,1795.890897
-8.238836,75,1805.67765
-12.124415,100,1808.51292
-0.935586,8,1808.827795
-17.52718,100,1811.83169
-14.950861,100,1814.674814
-2.010673,19,1815.195648
-11.048618,100,1817.932048
-19.78602,100,1828.24577
-10.96589,100,1831.175987
-11.974226,100,1834.000707
-23.524815,100,1836.831989
6.257784,38,1837.891976
4.118036,52,1839.519348
-9.955102,100,1849.983718
129.015341,100,1852.968188
6.141932,41,1854.164432
-0.174672,1,1854.192308
-19.688008,100,1857.262936
-13.106838,100,1860.221348
-8.454491,73,1862.60607
-15.610773,100,1873.1444
-10.045633,100,1876.149758
-6.061849,56,1877.764633
-6.348182,61,1879.519099
-0.175847,1,1879.549689
-10.472559,100,1882.597861
18.870292,100,1885.54223
-0.177107,1,1885.572484
-2.677126,28,1886.384302
-0.172979,1,1886.413098
-0.17795,1,1886.441448
-12.494322,100,1896.898312
-2.301105,20,1897.551651
-9.671146,100,1900.635179
170.110466,100,1903.85427
-11.864949,100,1906.885736
-10.123315,100,1909.722137
-0.417732,100,1920.130496
-0.19663,1,1920.163648
-10.67717,100,1923.23093
182.538847,100,1926.040409
-10.310856,100,1929.015709
-1.026992,9,1929.298487
-16.50602,100,1932.241889
-1.23525,11,1932.572026
8.888641,14,1932.991254
-11.29666,100,1943.679229
-10.796005,100,1946.937921
-1.872243,17,1947.482585
-1.595339,15,1947.909487
-0.173009,1,1947.937091
-11.22961,100,1951.725352
-0.173253,1,1951.752547
-11.192311,100,1954.566589
123.835579,100,1964.872946
-14.45876,100,1968.108286
-10.846524,100,1971.200911
-10.02487,100,1974.110518
-54.131346,100,1976.96991
-11.137604,100,1987.291078
70.017137,100,1990.364267
-10.776075,100,1993.379381
-22.070898,100,1996.400429
-11.596462,100,1999.221013
-0.882733,8,1999.454644
-12.629675,100,2009.997347
-0.626997,6,2010.183655
-9.821745,100,2013.227254
-10.832147,100,2016.41489
-2.206455,19,2017.010072
-3.526249,33,2018.058487
-0.178849,1,2018.086921
-10.575445,86,2020.7937
-8.986583,100,2023.821908
-13.742472,100,2034.113219
357.721387,100,2037.098673
-9.847099,100,2040.251766
-15.016349,100,2043.278453
174.905791,100,2046.268189
-1.056774,9,2046.508009
-9.869906,100,2056.626006
-16.302038,100,2059.332732
-10.310611,100,2062.387439
-7.800743,74,2064.631508
-0.193941,1,2064.6626
-2.959484,32,2065.657529
-10.886279,100,2068.78145
-10.949628,100,2079.12949
-9.881787,100,2082.21385
-3.769951,30,2083.137132
-12.719374,100,2086.095221
-12.119403,100,2089.232785
-1.704316,18,2089.77082
-10.103701,100,2092.802101
-0.167407,1,2092.831351
387.827098,100,2103.547425
-11.345673,100,2106.381679
-10.486742,100,2109.111125
-10.963874,100,2112.340098
-0.176796,1,2112.369869
101.134488,100,2115.415904
-13.159145,100,2126.148292
8.555541,15,2126.576169
-10.576214,100,2129.372796
-10.673295,100,2132.343037
-9.913135,100,2135.38138
-10.974575,100,2138.546127
-11.417983,100,2148.874398
-12.82999,100,2151.673522
-9.99741,100,2154.564418
19.341089,100,2157.451743
-10.338907,100,2160.760418
-10.035038,100,2171.256911
-11.032781,100,2174.187749
-10.581423,100,2177.281475
-11.0229,100,2179.935591
-12.178969,100,2182.90228
-9.306496,100,2193.425863
-2.879612,28,2194.198774
-9.577514,100,2196.994312
-10.451095,100,2199.776027
72.994126,100,2202.679231
-3.603155,35,2203.704122
-0.168395,1,2203.732318
-10.246222,100,2206.688086
-0.185182,1,2206.717954
-10.286581,100,2216.905872
12.805857,100,2219.635228
-13.734503,100,2222.487427
-9.233488,100,2226.134417
-0.166669,1,2226.174169
400.15341,100,2229.189641
-2.26733,23,2229.976469
131.652308,100,2240.295607
-12.239342,100,2243.150059
-10.84065,100,2245.992545
-22.969016,100,2248.906279
-9.496137,100,2251.622254
-13.725277,100,2262.028333
-10.416334,100,2264.944401
-4.180321,39,2266.085338
-0.172915,1,2266.113748
-14.449009,100,2268.972747
-13.389947,100,2271.670929
-2.027291,14,2272.043543
-5.068357,47,2273.416088
-0.175624,1,2273.448168
-2.20768,23,2274.120681
-2.776308,30,2282.554643
-11.376596,100,2285.519701
-11.106593,100,2288.34264
-11.31579,100,2291.074011
-10.602782,100,2293.881574
-1.741156,18,2294.404049
-35.871636,100,2304.797532
-11.622377,100,2307.809127
-11.931916,100,2310.711011
-10.9824,100,2313.520119
-0.780881,100,2316.572663
-9.621933,100,2327.013243
-5.403309,51,2328.570431
-10.806125,100,2331.753607
-10.410087,100,2334.884104
-9.884657,100,2337.832921
-1.049172,10,2338.097762
-10.896758,100,2340.895338
12.919249,68,2350.465958
7.728478,23,2351.188631
65.856986,100,2354.458195
-11.378771,100,2357.301273
327.976457,100,2360.15187
-0.188604,1,2360.178876
-4.473156,43,2361.411624
450.863009,100,2364.456356
-9.414471,100,2375.104006
3.26878,100,2378.207662
428.887027,100,2381.323086
-9.382629,100,2384.171014
-10.211875,100,2387.148968
-10.176279,100,2397.62796
390.71882,100,2401.16321
204.518846,100,2404.499418
-10.274538,100,2407.630922
-10.15396,100,2410.487782
-8.417348,89,2420.90122
-11.385203,100,2424.245536
-9.974092,100,2427.249837
8.072827,100,2430.076493
-6.982196,74,2432.142819
-10.665771,100,2442.400565
-9.665228,100,2445.565447
-15.072475,100,2448.915148
419.280122,100,2452.150279
8.865444,100,2454.859558
-10.21389,100,2465.507775
-22.375074,100,2468.467665
-10.047485,100,2471.819553
-10.816056,100,2475.000936
-9.644156,100,2477.957163
-2.422492,100,2480.677497
-3.034176,33,2489.062573
-12.663301,100,2491.755333
-8.441953,89,2494.630489
-10.170433,100,2497.705372
-10.307754,100,2500.699795
218.827935,100,2511.729086
-1.894234,18,2512.199738
-10.157993,100,2514.931611
-6.399294,65,2516.896128
-9.639859,100,2520.006735
-3.425792,31,2521.008132
-12.398805,100,2524.2956
-10.575762,100,2534.619035
-0.169872,1,2534.654969
386.275775,100,2537.789446
-9.350387,100,2540.685687
-10.002704,100,2543.839795
-0.757988,7,2544.076247
-12.732684,100,2547.160502
-0.212633,100,2557.723691
363.195656,100,2560.754882
-10.072937,100,2563.555308
-0.305543,100,2566.563845
277.563225,100,2569.694598
-1.025811,12,2570.120066
-10.069873,100,2580.567864
-4.736972,53,2582.02593
415.761154,100,2585.004461
-10.263306,100,2588.031093
-13.809958,100,2591.128347
7.290231,100,2594.239745
-5.967918,60,2603.603988
-2.302426,23,2604.235061
-0.174818,1,2604.263836
-0.169065,1,2604.293324
-11.202428,100,2607.148594
-2.945982,33,2608.191692
-10.214751,100,2610.973746
90.530985,100,2613.916097
-10.266069,100,2617.083639
-10.841688,100,2627.480902
-14.534438,100,2630.111183
72.347464,100,2632.865613
-11.371839,100,2635.749761
-0.178682,1,2635.777927
-0.175619,1,2635.806029
-11.146346,100,2638.922813
-0.178061,1,2638.95369
-8.773849,100,2649.18044
-9.405747,100,2652.015832
383.582936,100,2654.899036
-0.175144,1,2654.924307
295.816506,100,2657.508875
13.046853,62,2659.301242
274.628907,100,2662.550788
-31.099485,100,2673.423757
-7.750884,77,2675.910512
-11.061621,100,2679.180024
-9.162334,100,2682.317706
-8.930074,100,2685.56879
-10.389393,100,2696.258658
9.651055,100,2699.196845
-12.101299,100,2702.186959
-9.616003,100,2704.989227
-3.855481,32,2705.860398
-12.42459,100,2708.901587
-8.625885,100,2719.587949
-10.850899,100,2722.475959
-20.882531,100,2725.404964
-24.936426,100,2728.223337
-10.288941,100,2731.286271
3.205885,70,2740.755037
-0.181672,1,2740.7842
-9.963494,100,2743.578163
116.131897,100,2746.630457
28.976346,100,2749.743682
-1.388144,13,2750.110983
-9.776129,100,2753.093897
-1.776236,20,2753.689332
-0.967188,9,2753.967463
-10.168124,100,2764.808499
-11.179118,100,2767.611309
-20.710251,100,2770.641217
136.712606,100,2773.606309
-0.176322,1,2773.630244
-84.190929,100,2776.401126
7.836565,26,2777.172369
-10.025413,100,2788.810286
391.907737,100,2791.838225
-10.857315,100,2794.682156
20.37029,100,2797.74972
-39.885688,100,2800.655179
-0.754769,7,2800.87265
-9.364391,100,2811.396301
-53.246564,100,2814.173362
19.914432,100,2817.009548
536.395377,100,2820.127973
-9.976799,100,2823.270075
-10.758797,100,2833.825766
-9.714719,100,2836.825736
-9.34665,100,2839.730368
-0.179325,1,2839.761305
-0.168831,1,2839.7914
-11.918442,100,2842.62107
-3.23918,36,2843.647448
-10.643497,100,2846.36658
-53.624334,100,2856.595635
-1.579192,17,2857.092953
-10.697596,100,2860.13872
-12.374649,100,2863.336575
-9.970057,85,2865.772292
-54.921333,100,2868.91092
-8.105886,100,2879.470306
-10.809199,100,2882.546255
-0.187784,1,2882.575549
-10.835264,100,2885.360197
11.50321,100,2888.194632
-4.212917,45,2889.516188
-12.654885,100,2900.07511
-1.68597,13,2900.547141
-12.14723,100,2904.005398
-9.087436,100,2906.998802
1.187254,100,2909.714844
303.000229,100,2912.550881
423.288534,100,2922.689571
-47.283776,100,2925.991418
-4.755158,48,2927.478078
393.003119,100,2930.25983
-14.846603,100,2932.990683
-45.338703,100,2935.597481
-29.212181,100,2945.763398
-10.313432,100,2948.595026
9.094493,8,2948.803039
9.933788,100,2951.336909
301.765688,100,2954.068956
-0.184839,1,2954.093848
410.664985,100,2956.802571
-9.639645,100,2966.890224
422.753036,100,2970.133193
-10.16963,100,2972.716186
-9.90629,100,2975.464585
-9.547144,100,2978.209246
236.290208,100,2988.467889
-11.023654,100,2991.648235
-0.166863,1,2991.677012
-54.010606,100,2994.32121
-10.516574,100,2997.192109
-10.345655,100,2999.848914
-8.642886,100,3010.036952
9.961374,100,3013.177067
-0.170153,1,3013.211598
39.68068,100,3016.191434
28.165552,18,3016.705299
57.163444,100,3019.428076
-6.201625,71,3021.286176
133.246973,100,3031.333152
-58.770649,100,3034.480964
10.261668,100,3037.743501
-10.128793,100,3040.318429
352.696181,100,3043.276278
-11.143301,100,3045.89739
-10.458327,100,3056.506899
260.518358,100,3060.542275
-2.079869,100,3063.238515
-9.947228,100,3065.9494
-8.314087,100,3068.711758
386.78174,100,3079.24209
-3.607594,35,3080.309688
-9.955116,100,3083.45343
-14.799182,100,3086.33703
416.248916,100,3089.111491
-5.492076,100,3099.205013
-12.369983,100,3102.575801
-1.86905,20,3103.160181
5.75939,36,3104.329186
-0.943765,8,3104.587821
-9.983506,100,3107.271074
-49.722194,100,3109.841243
-9.450147,100,3112.650743
-10.441726,100,3122.887524
589.174469,100,3126.230345
-0.169628,1,3126.259305
-10.197991,100,3129.223526
-1.321396,10,3129.500726
184.63371,100,3132.163627
-74.767196,100,3134.615322
-9.745388,100,3144.850075
-0.168012,1,3144.884016
-8.623283,100,3148.179697
7.288028,24,3148.884473
391.295197,100,3151.971451
-10.36098,100,3154.732652
10.473906,100,3157.431724
-9.282528,100,3167.560427
-8.899323,100,3170.825909
-9.218781,100,3173.928307
-9.48709,100,3176.573897
-10.613567,100,3179.132071
-0.152284,1,3179.155284
-10.48796,100,3189.656691
-8.210552,100,3193.029677
-1.17919,13,3193.470431
-21.727198,100,3196.869906
342.153161,100,3199.574
-8.328116,100,3202.428257
-11.060464,100,3212.704082
8.690876,18,3213.323004
-25.162364,100,3216.55219
-9.7657,100,3219.736647
-1.433213,14,3220.085695
420.272312,100,3222.897568
-0.169079,1,3222.924122
356.642428,100,3225.548412
-8.19746,100,3235.805665
21.32414,100,3238.817409
-0.173972,1,3238.850865
329.422296,100,3241.955573
-3.651092,42,3243.412247
-6.873167,71,3245.149202
-5.224535,56,3246.721406
9.01529,100,3257.047405
-0.845458,7,3257.251076
383.379804,100,3260.619774
487.180122,100,3263.892385
-2.070601,18,3264.407306
-7.759977,100,3267.420785
-8.06331,100,3270.338957
-0.681306,6,3270.493359
-16.289461,100,3280.476352
-0.535887,6,3280.645012
-9.614115,100,3283.95822
11.349162,100,3287.293746
38.398124,14,3287.753743
-8.128058,100,3290.691569
-1.48634,15,3291.09956
413.8325,100,3293.762387
459.141147,100,3303.961039
323.95966,100,3307.303504
447.764146,100,3310.690428
-9.835493,100,3313.642727
-8.421077,100,3316.425904
342.800663,100,3326.567864
-8.725589,100,3329.511368
-1.418162,16,3329.964438
-8.77401,100,3334.262704
-0.18192,1,3334.299967
-9.459285,100,3337.190589
-0.00042,100,3339.892385
-21.434396,100,3349.848218
-13.514392,100,3353.107484
-63.286586,100,3356.396715
-0.530075,5,3356.557215
-1.448154,12,3356.951352
-0.190329,1,3356.982553
466.588194,100,3360.18265
-1.868809,100,3362.926523
-3.935266,46,3371.451648
-0.170955,1,3371.480165
399.903578,100,3374.191211
-22.775761,100,3377.470554
-0.181676,1,3377.508015
2.905681,82,3380.182486
68.390618,100,3383.229058
363.319249,100,3386.148686
273.41323,100,3396.18494
-9.638455,100,3399.19324
-9.27392,100,3402.695951
18.989549,100,3405.666708
396.876541,100,3408.350701
455.589408,100,3418.587483
51.275933,100,3421.613753
-2.627232,35,3422.714839
-9.006331,100,3426.212532
322.151485,100,3429.174364
-9.007764,100,3439.107762
-10.773623,100,3441.842008
-1.620472,15,3442.237818
8.71674,14,3442.731587
-10.568108,100,3446.267369
362.768926,100,3449.799666
-43.915677,100,3452.718646
-0.196074,1,3452.751727
372.919245,100,3462.773997
-9.719936,100,3465.331846
359.071682,100,3468.536542
-1.960176,15,3469.106561
-0.170774,1,3469.139756
-12.596032,100,3472.395169
-9.844334,100,3475.377184
9.48122,7,3475.572208
-3.509367,45,3476.732501
493.641669,100,3486.955911
-11.156196,100,3489.791102
353.939233,100,3493.230377
-1.084775,10,3493.553377
-2.232162,28,3494.491585
-45.375721,100,3497.507025
-42.569342,100,3507.526549
-0.179657,1,3507.552906
0.474728,100,3510.343726
-33.589489,100,3513.449567
296.38851,100,3516.931306
418.306267,100,3520.268477
-31.005006,100,3523.231212
-32.149312,100,3533.491176
-1.982926,17,3533.986309
-7.890024,100,3536.998841
-7.197286,100,3540.228135
417.738264,100,3543.642041
374.278517,100,3553.66912
-49.724295,100,3556.289174
-0.185013,1,3556.319507
482.010261,100,3559.453651
-7.959254,100,3563.216868
-9.93677,100,3566.490509
-1.163348,11,3566.862559
-38.671126,100,3577.029591
-0.180792,1,3577.059438
256.563759,100,3579.681943
483.124151,100,3582.876523
-2.81467,35,3583.953582
-2.21339,20,3584.61387
-8.786337,100,3587.850885
-0.205298,1,3587.882635
213.900212,76,3590.271375
184.728969,100,3600.144093
-8.569503,100,3602.868715
-11.24871,100,3605.756855
-41.032587,100,3609.012911
323.350258,100,3613.145427
252.021053,100,3623.193257
-0.842039,8,3623.438244
305.464587,100,3626.410227
-12.410466,100,3629.13798
-9.456028,100,3632.557048
-16.307981,100,3635.874971
-0.174445,1,3635.906553
-18.927375,100,3645.913673
-10.233587,100,3648.583048
-10.38896,100,3651.251694
23.792221,59,3653.362763
377.777348,100,3656.531389
-0.175194,1,3656.565079
-2.966988,36,3657.651383
-7.717895,100,3660.629927
191.976987,100,3670.861355
445.588834,100,3673.683873
-0.173211,1,3673.710962
451.65515,100,3677.070959
-9.130611,100,3680.665484
-2.353892,24,3681.478317
389.81976,100,3691.639778
-0.802571,8,3691.85034
-8.833119,100,3694.550517
-9.198485,100,3697.24943
-9.722847,100,3700.538197
-0.174131,1,3700.574037
-0.185762,1,3700.608307
-11.375345,100,3703.971962
-12.841587,100,3714.152345
23.831361,100,3716.888296
-9.111291,100,3719.391356
-8.981007,100,3722.445595
-2.227686,21,3723.133373
-0.981857,9,3723.406301
399.154597,100,3726.93908
-0.189493,1,3726.974849
219.80221,100,3737.144293
28.196671,16,3737.533304
-10.764581,100,3740.072183
-56.112469,100,3742.927844
-20.48714,100,3746.331629
456.367091,86,3749.483951
-0.175876,1,3749.517398
0.402592,100,3759.664415
-2.05145,22,3760.224398
-11.483639,100,3763.025917
22.123217,100,3765.648371
290.871253,100,3769.134012
526.82953,100,3772.586477
-10.384073,100,3783.289963
-30.184555,100,3785.847476
-10.356197,100,3788.597197
-8.973451,100,3791.752886
-17.000074,100,3795.280909
-2.818842,17,3795.807973
476.725578,100,3806.407908
550.643168,100,3809.104696
-13.484243,100,3811.826817
504.165116,100,3815.068145
-4.32639,42,3816.488511
504.637545,100,3819.739008
-8.984578,100,3829.969032
180.891337,100,3832.652112
-1.006509,11,3832.926001
-39.079038,100,3835.617104
-10.059364,100,3839.220149
502.351493,100,3842.885798
-11.126106,100,3853.073608
253.765107,100,3855.57009
-0.175941,1,3855.600728
206.897561,100,3858.469824
270.672921,100,3861.921352
-8.567241,100,3865.339691
138.91075,100,3875.658734
-12.127113,100,3878.668218
162.327911,100,3881.617307
-10.447333,100,3885.030842
-1.872342,24,3885.84632
-35.008699,100,3889.889254
-55.964784,100,3899.939222
-7.992821,100,3902.731415
-35.909393,100,3905.849393
-0.17473,1,3905.883771
-10.436696,100,3909.241676
434.788306,100,3912.5105
-25.942013,100,3922.673543
-9.126509,100,3925.667681
325.927584,100,3928.769082
-1.135743,13,3929.200844
-8.992429,100,3932.585302
-1.379818,100,3935.672072
-0.726382,7,3935.857093
-4.427351,55,3944.860136
-1.408025,18,3945.368821
355.775445,100,3948.239943
592.024034,100,3951.578015
-8.650369,100,3954.919746
-2.581334,32,3956.097429
-11.643559,100,3958.868403
491.181698,100,3969.269019
-13.534127,100,3971.944241
-2.67868,35,3973.125449
520.205076,100,3976.687014
582.317773,100,3980.214114
31.448157,100,3982.938406
-51.350261,100,3993.014632
516.353202,100,3996.034439
-0.172042,1,3996.068461
409.763384,100,3999.453009
-22.646371,100,4002.971807
-9.627354,100,4005.95978
-0.182429,1,4005.988841
-81.885167,100,4016.030085
-9.162401,100,4019.508486
441.815952,100,4022.800737
-13.434998,100,4026.310373
-9.871799,100,4029.280569
455.030443,100,4039.4512
445.569007,100,4042.728404
-0.828803,8,4043.054112
-0.180812,1,4043.096352
-46.854601,100,4046.999945
9.152549,100,4049.881635
11.873696,100,4052.551734
-8.497109,100,4062.840054
-12.926753,100,4066.084675
-3.025651,32,4067.182016
125.85227,100,4070.542981
248.11529,100,4073.664137
-1.131463,11,4074.025223
-18.366213,100,4076.825103
576.741223,100,4087.189493
-8.897044,100,4090.767321
166.278824,100,4094.206065
462.897735,100,4097.161474
-8.655061,100,4099.940735
-0.17314,1,4099.966512
413.376052,100,4110.500067
-3.972085,100,4113.77488
-5.076558,45,4115.19426
220.756988,100,4118.511265
278.55974,100,4121.266137
462.555753,100,4124.037892
-29.377052,100,4134.28062
-0.163791,1,4134.310674
-1.542343,17,4134.854767
-0.485419,6,4135.030638
-0.688573,7,4135.226887
278.067517,100,4139.022313
478.285562,100,4142.154878
19.258879,100,4144.682904
16.810262,100,4154.750031
-1.48353,11,4155.097644
-0.187164,1,4155.128348
9.111424,100,4158.394559
-9.712562,100,4161.769939
-15.421964,100,4164.504041
-8.895208,100,4167.102159
-13.386765,100,4177.019626
567.806467,100,4181.795643
-0.177038,1,4181.82434
506.449935,100,4184.930606
433.130593,100,4187.69512
524.74159,100,4190.21834
441.008289,100,4200.26723
-21.426548,100,4203.792328
-12.239444,100,4207.015676
-3.225533,31,4207.793592
584.559425,100,4210.643139
-9.259278,100,4213.376002
-2.587543,100,4223.356493
-2.989786,39,4224.664322
46.650453,100,4227.617918
-13.311291,100,4230.598712
-115.228877,100,4233.450112
61.633071,100,4236.186194
-8.809331,100,4246.516648
-8.891771,100,4249.7356
-9.280361,100,4252.645837
29.89037,100,4255.316727
-11.076331,100,4258.177082
-9.836475,100,4268.442884
-8.496289,100,4271.620707
-1.035976,9,4271.944667
-23.469292,100,4274.747243
-64.197712,100,4277.531883
-0.909369,9,4277.790982
431.915482,100,4280.40214
-3.928483,41,4281.576629
-8.558036,100,4292.357283
11.475831,100,4295.241983
0.311379,100,4298.064912
-0.175213,1,4298.089781
-9.62365,100,4300.920146
19.052668,12,4301.377079
-7.777138,100,4304.193777
-10.462943,100,4315.135122
16.319413,40,4316.502001
-0.172461,1,4316.535481
-9.723691,100,4319.223414
-0.459171,5,4319.35128
480.841311,100,4322.014838
-0.183707,1,4322.044754
-0.50854,6,4322.197183
-61.333341,100,4324.995645
-8.46441,100,4335.399159
-51.178568,100,4338.523447
-1.178806,15,4338.904038
-57.86838,100,4341.762238
19.20873,12,4342.063766
-37.777457,100,4344.569553
-0.679642,7,4344.791867
-40.993199,100,4347.369138
560.945598,100,4358.047045
-0.172957,1,4358.086018
-10.977942,100,4361.595253
9.841691,100,4364.417347
553.178258,100,4367.173588
-10.859513,100,4369.875473
547.368866,100,4380.808177
432.32554,100,4384.074255
464.013763,100,4387.104675
572.53537,100,4389.730122
-9.855618,100,4392.485075
454.521544,100,4403.129786
-10.112939,100,4405.966554
-11.127708,100,4408.709061
-0.182231,1,4408.735143
570.743183,100,4411.5727
4.015227,49,4412.844284
302.436144,100,4415.303082
-7.221167,88,4425.659349
-0.173306,1,4425.695977
-18.223013,100,4428.557784
-8.852187,100,4431.216254
-8.095118,100,4434.081947
-7.864943,100,4436.738328
-54.173108,100,4447.620955
452.210439,100,4450.494381
-9.641394,100,4454.015675
-0.171789,1,4454.045138
-9.186001,100,4456.705742
-8.605351,100,4459.437871
-0.173919,1,4459.46729
443.071081,100,4470.150138
-40.159404,100,4472.989149
19.651443,100,4475.618729
9.628806,6,4475.77601
460.175793,100,4478.622196
-7.214883,100,4481.330454
0.962423,100,4492.057853
-7.519231,100,4494.810097
428.176633,100,4497.70506
-10.469938,100,4500.474419
390.544435,100,4503.153349
-1.901286,20,4503.665304
513.992821,100,4514.660703
-58.676523,100,4517.20524
224.559184,100,4519.910719
-0.183624,1,4519.939678
-10.137197,100,4522.674854
-3.007873,25,4523.490098
-9.562169,100,4526.191301
5.02802,100,4537.090048
-7.801521,100,4539.820995
368.474744,100,4542.700016
-17.637042,100,4545.214709
-11.07178,100,4547.931761
-1.704207,100,4559.09554
-7.874376,100,4561.798309
-97.18382,100,4564.590808
-11.327861,100,4567.477997
-7.952427,100,4570.284156
-26.899952,100,4581.119776
-7.871395,100,4583.804726
-13.847017,100,4586.684924
-10.890409,100,4589.653631
373.888392,100,4592.689376
-24.005389,100,4603.491169
-13.075908,100,4606.25236
-47.997122,100,4609.297828
508.612322,100,4612.150985
-12.315391,100,4615.031433
-9.697644,100,4625.812381
461.760638,100,4628.787844
-92.297024,100,4631.49368
-2.365227,20,4631.964866
-8.257139,100,4634.868142
482.570011,100,4638.05064
0.351697,100,4648.559086
-0.172976,1,4648.583713
504.746403,100,4651.567187
-0.486895,5,4651.704152
-0.171094,1,4651.73516
414.210395,100,4654.567866
405.527381,100,4657.448911
-113.384329,100,4660.446578
-10.657019,100,4671.319447
-5.584143,100,4673.829686
-2.341767,17,4674.222396
458.391754,100,4676.968755
338.354604,100,4679.734354
-8.254211,100,4683.096703
431.992348,100,4693.718174
471.178147,100,4696.533871
90.585668,100,4699.356065
-4.031221,100,4702.044317
-14.945036,100,4705.100659
-26.88567,100,4708.477433
-8.729608,100,4718.473007
-24.026277,100,4721.37195
-10.077562,100,4725.570149
-0.158876,1,4725.614497
463.88802,100,4729.112412
-8.06127,100,4732.4259
-1.129259,11,4732.709871
-10.964433,100,4742.415385
-8.895897,100,4745.047317
-0.178875,1,4745.080583
-10.642337,100,4748.277228
-0.985769,13,4748.763845
23.343682,100,4752.245222
168.398342,100,4755.417063
352.330019,100,4765.289619
504.628569,100,4768.204223
254.259494,100,4771.525543
304.688002,100,4775.009657
-10.313913,100,4777.943258
492.682762,100,4787.660916
-0.914902,8,4787.858504
495.448841,100,4790.692732
413.392896,100,4793.969892
-12.014601,100,4797.078728
-10.199519,100,4799.90103
-6.875893,100,4809.523046
-11.769696,100,4812.189159
-0.189709,1,4812.215689
-13.669288,100,4815.790901
544.972682,100,4819.181278
-0.444251,6,4819.395741
457.517069,100,4822.660547
63.721374,100,4832.509438
-12.23351,100,4835.585331
-0.533668,6,4835.823896
-1.055587,100,4839.057842
476.028964,100,4842.316242
72.649162,100,4845.057981
370.305777,100,4854.898367
-16.180247,100,4857.692829
239.844711,100,4860.743879
15.094864,100,4863.813293
-8.062865,100,4866.930487
-1.833223,14,4867.341591
541.524422,100,4877.131505
20.742915,100,4879.808171
528.060744,100,4883.067078
-0.16727,1,4883.10102
-17.924135,100,4886.377006
521.239939,100,4889.472645
-8.834206,100,4899.320688
383.366954,100,4902.150135
-14.836497,100,4905.32162
-8.793754,100,4908.686607
38.355241,23,4909.413624
-8.780399,100,4912.074268
-12.977517,100,4922.025298
423.389584,100,4924.944694
-14.764279,100,4928.028843
9.437938,100,4931.601051
-11.685957,100,4934.076052
-9.321652,100,4943.840135
544.330423,100,4947.109281
48.994952,100,4950.419642
-26.412334,100,4953.773293
508.245118,100,4956.723679
-0.169689,1,4956.751622
-13.766553,100,4966.801029
-18.600377,100,4969.737937
-14.736102,100,4973.054065
529.136646,100,4976.466774
394.648887,100,4979.1334
28.265663,100,4988.93207
259.708108,100,4991.98361
-9.935337,100,4995.472761
-8.215256,100,4998.917757
19.945134,100,5002.520233
0.588037,100,5012.687142
-8.01829,100,5015.965093
522.099491,100,5019.167031
528.625811,100,5022.121429
-46.243699,100,5024.957988
-11.444496,100,5034.775971
179.130297,100,5037.827915
-40.255341,100,5041.100279
-13.863831,100,5044.029779
-34.431647,100,5046.753393
-30.083648,100,5056.405773
-0.873158,7,5056.640132
-8.947155,100,5060.007102
405.832267,100,5063.458906
18.683014,100,5066.52576
582.541396,100,5069.51219
-1.476133,12,5069.805311
-33.178622,100,5079.62993
435.916301,100,5083.289618
59.664191,100,5086.746752
622.773532,100,5089.440056
484.043669,100,5092.24458
516.111167,100,5094.963767
327.938407,100,5105.539909
-12.182333,100,5108.74031
443.169945,100,5111.534296
-1.334093,20,5112.080364
-51.84089,100,5114.825531
471.869192,100,5125.260992
293.118816,100,5128.917165
-8.026899,100,5131.864423
652.268356,100,5134.707972
-0.16956,1,5134.738186
-1.020619,11,5135.100166
450.322577,100,5137.880594
9.608227,100,5147.904383
97.078942,100,5151.138429
3.626756,100,5154.288631
-59.700987,100,5157.106499
-0.67251,8,5157.307539
-10.011345,100,5160.035148
394.459991,100,5170.219724
-8.935227,100,5173.713893
16.956352,100,5176.528234
366.76689,100,5179.173938
-15.532542,100,5181.905339
-0.172004,1,5181.934105
365.894128,100,5184.616482
304.39703,100,5195.933741
546.136513,100,5198.974152
387.867444,100,5202.001376
-68.468914,100,5204.882212
8.564467,20,5205.414946
-56.328897,100,5208.075547
-17.779823,100,5218.956023
8.017887,26,5219.650357
-51.012309,100,5222.460493
426.955244,100,5225.446374
-0.187387,1,5225.471528
583.311918,100,5228.290743
-0.164196,1,5228.313994
467.020012,100,5238.957821
752.96742,100,5242.199171
-8.73133,100,5245.062336
-7.871714,100,5247.858328
111.696053,100,5250.412483
-52.53569,100,5261.411828
-30.907298,100,5264.473705
496.574184,100,5267.470028
-14.197438,100,5270.129507
528.836753,100,5273.041443
-25.431591,100,5277.523814
-57.488418,100,5287.974189
-14.522743,100,5290.62379
386.74857,100,5293.524149
10.544272,100,5296.464334
-76.264036,100,5299.624958
110.982573,100,5310.340371
439.757104,100,5313.32329
632.388458,100,5316.454438
502.232069,100,5319.671777
65.609791,100,5323.181356
-0.196124,1,5323.216987
9.988291,100,5333.623215
-10.806574,100,5336.602054
-0.173028,1,5336.630351
-0.156687,1,5336.663413
-9.985692,100,5339.662261
-33.467075,100,5342.720185
-8.343053,100,5346.276866
-11.646275,100,5356.317857
-2.822544,33,5357.238249
-8.800154,100,5359.853704
-0.675358,7,5360.036528
259.576403,100,5362.897039
415.242777,100,5366.580164
-22.652171,100,5369.659505
-23.946763,100,5379.585765
-28.194712,100,5382.570321
-0.177285,1,5382.595557
-39.916826,100,5385.445028
-2.692105,39,5386.910008
-1.269953,10,5387.348833
-0.184912,1,5387.393445
461.425531,100,5390.832639
-9.415129,100,5400.7118
-32.092124,100,5403.436403
9.650205,6,5403.608842
-7.118152,100,5406.507263
-0.955713,12,5406.9334
-0.16057,1,5406.968981
-0.97078,10,5407.341508
-5.443362,41,5408.600192
-10.936336,100,5411.901977
-10.919702,100,5415.155006
31.296181,100,5424.947898
-16.819078,100,5427.788894
489.809839,100,5431.132248
-16.397339,100,5434.692717
-0.476615,6,5434.867214
-8.944868,100,5437.867843
-15.779517,100,5447.785692
522.170101,100,5450.698051
-11.837982,100,5453.899121
331.726479,100,5457.214173
11.767051,100,5460.245112
473.627767,100,5470.392105
-11.120503,100,5473.067977
-0.403925,6,5473.262514
-67.715599,100,5476.68301
70.668687,100,5480.295428
-15.777716,100,5482.970686
588.012376,100,5493.169319
282.526245,100,5496.286207
-0.634894,7,5496.507533
-31.957296,100,5499.882773
-0.178833,1,5499.912951
499.677383,100,5503.241956
-8.810253,100,5506.066599
31.586975,100,5515.645094
-67.284685,100,5519.012796
-13.067322,100,5522.770406
605.429729,100,5525.865636
190.065639,100,5528.618998
-45.23793,100,5538.387085
545.848453,100,5541.935129
-0.177401,1,5541.971409
-81.013671,100,5545.279954
-0.912367,7,5545.505639
-0.187346,1,5545.53787
78.28794,100,5548.664016
433.323624,100,5551.588941
498.114434,100,5562.008099
-40.924517,100,5566.550396
-10.877041,100,5569.779006
22.346877,100,5572.335971
-8.171781,100,5575.165084
-0.188038,1,5575.18709
